36000,-395,205
36001,-405,190
36002,-390,190
36003,-390,190
36004,-405,175
36005,-425,170
36006,-420,180
36007,-425,190
36008,-410,185
36009,-395,185
36010,-395,205
36011,-385,215
36012,-385,220
36013,-390,205
36014,-405,200
36015,-415,175
36016,-430,170
36017,-425,175
36018,-420,165
36019,-400,165
36020,-375,170
36021,-385,180
36022,-375,185
36023,-360,195
36024,-375,195
36025,-370,190
36026,-385,190
36027,-400,190
36028,-410,175
36029,-405,180
36030,-410,165
36031,-390,170
36032,-380,185
36033,-365,185
36034,-360,190
36035,-370,190
36036,-375,195
36037,-375,200
36038,-380,175
36039,-380,175
36040,-380,180
36041,-385,180
36042,-385,175
36043,-390,175
36044,-400,190
36045,-400,190
36046,-395,190
36047,-390,205
36048,-375,200
36049,-370,195
36050,-375,195
36051,-375,190
36052,-390,180
36053,-395,175
36054,-405,165
36055,-405,180
36056,-390,190
36057,-380,195
36058,-370,195
36059,-360,205
36060,-365,195
36061,-350,195
36062,-360,185
36063,-360,175
36064,-370,165
36065,-395,175
36066,-390,175
36067,-390,185
36068,-385,195
36069,-375,190
36070,-365,205
36071,-350,200
36072,-355,210
36073,-355,210
36074,-365,185
36075,-380,185
36076,-385,170
36077,-385,175
36078,-380,175
36079,-375,170
36080,-365,195
36081,-350,200
36082,-335,200
36083,-345,200
36084,-345,205
36085,-345,205
36086,-355,190
36087,-365,185
36088,-375,175
36089,-385,175
36090,-380,160
36091,-390,165
36092,-395,180
36093,-385,185
36094,-375,200
36095,-355,190
36096,-345,195
36097,-345,200
36098,-350,190
36099,-355,180
36100,-350,185
36101,-350,165
36102,-370,160
36103,-380,180
36104,-380,185
36105,-375,185
36106,-375,195
36107,-355,200
36108,-350,195
36109,-340,195
36110,-330,180
36111,-345,185
36112,-355,175
36113,-360,180
36114,-365,175
36115,-355,170
36116,-360,175
36117,-355,175
36118,-355,185
36119,-355,185
36120,-350,190
36121,-355,180
36122,-355,185
36123,-350,175
36124,-350,165
36125,-350,160
36126,-350,150
36127,-360,165
36128,-350,180
36129,-340,190
36130,-335,195
36131,-310,200
36132,-325,195
36133,-315,205
36134,-320,195
36135,-335,205
36136,-340,200
36137,-355,205
36138,-345,220
36139,-330,225
36140,-310,250
36141,-300,255
36142,-285,260
36143,-280,255
36144,-270,245
36145,-260,255
36146,-260,255
36147,-260,225
36148,-245,220
36149,-240,215
36150,-225,210
36151,-200,205
36152,-170,205
36153,-155,200
36154,-140,195
36155,-125,200
36156,-130,195
36157,-145,185
36158,-160,175
36159,-195,180
36160,-205,170
36161,-215,165
36162,-235,165
36163,-240,175
36164,-260,170
36165,-260,155
36166,-270,160
36167,-285,165
36168,-300,160
36169,-320,165
36170,-325,160
36171,-350,155
36172,-370,145
36173,-365,130
36174,-355,140
36175,-365,150
36176,-360,145
36177,-360,140
36178,-345,170
36179,-350,175
36180,-350,170
36181,-350,155
36182,-345,150
36183,-365,145
36184,-370,145
36185,-365,130
36186,-370,145
36187,-365,150
36188,-365,150
36189,-360,160
36190,-360,165
36191,-350,185
36192,-340,190
36193,-345,215
36194,-360,215
36195,-360,240
36196,-395,240
36197,-445,235
36198,-500,225
36199,-565,205
36200,-570,185
36201,-505,125
36202,-325,85
36203,-35,40
36204,325,35
36205,720,45
36206,1 100 000,45
36207,1 390 000,55
36208,1 510 000,40
36209,1 380 000,15
36210,1 015 000,15
36211,475,-5
36212,-5,10
36213,-350,45
36214,-525,65
36215,-560,80
36216,-520,70
36217,-470,70
36218,-415,70
36219,-395,80
36220,-385,105
36221,-400,120
36222,-425,145
36223,-415,165
36224,-410,185
36225,-410,195
36226,-390,200
36227,-390,195
36228,-385,195
36229,-395,200
36230,-405,185
36231,-420,190
36232,-430,180
36233,-440,180
36234,-440,175
36235,-430,190
36236,-425,190
36237,-420,205
36238,-410,205
36239,-415,205
36240,-415,200
36241,-420,205
36242,-405,195
36243,-420,195
36244,-420,185
36245,-420,175
36246,-425,175
36247,-410,175
36248,-425,175
36249,-415,190
36250,-420,185
36251,-405,185
36252,-400,190
36253,-405,195
36254,-400,185
36255,-405,180
36256,-410,185
36257,-415,170
36258,-420,170
36259,-410,185
36260,-420,180
36261,-400,180
36262,-400,200
36263,-380,190
36264,-385,195
36265,-375,190
36266,-380,190
36267,-385,175
36268,-385,175
36269,-380,185
36270,-380,180
36271,-375,170
36272,-375,190
36273,-360,180
36274,-355,190
36275,-345,205
36276,-340,205
36277,-340,185
36278,-335,195
36279,-345,185
36280,-350,190
36281,-355,190
36282,-350,185
36283,-345,180
36284,-345,195
36285,-330,195
36286,-320,210
36287,-310,205
36288,-320,215
36289,-305,215
36290,-305,205
36291,-305,195
36292,-315,195
36293,-310,200
36294,-315,200
36295,-310,215
36296,-310,220
36297,-300,230
36298,-295,230
36299,-285,235
36300,-275,235
36301,-275,250
36302,-270,235
36303,-280,225
36304,-275,225
36305,-285,220
36306,-300,240
36307,-290,235
36308,-280,250
36309,-265,235
36310,-265,250
36311,-240,255
36312,-245,255
36313,-230,255
36314,-235,230
36315,-225,230
36316,-225,230
36317,-220,225
36318,-230,230
36319,-220,230
36320,-220,235
36321,-200,245
36322,-185,250
36323,-165,245
36324,-165,235
36325,-150,230
36326,-145,225
36327,-145,215
36328,-130,205
36329,-135,200
36330,-120,200
36331,-115,195
36332,-100,190
36333,-80,195
36334,-65,180
36335,-50,175
36336,-50,175
36337,-45,180
36338,-25,170
36339,-35,155
36340,-30,155
36341,-25,140
36342,-35,145
36343,-30,140
36344,-45,150
36345,-30,145
36346,-30,140
36347,-30,155
36348,-50,150
36349,-60,135
36350,-65,135
36351,-65,130
36352,-75,130
36353,-85,115
36354,-105,115
36355,-110,115
36356,-115,125
36357,-130,130
36358,-125,145
36359,-130,145
36360,-140,150
36361,-155,140
36362,-170,125
36363,-180,130
36364,-195,120
36365,-215,130
36366,-220,130
36367,-225,125
36368,-230,130
36369,-230,135
36370,-225,135
36371,-230,145
36372,-230,140
36373,-240,150
36374,-245,145
36375,-250,145
36376,-265,130
36377,-265,115
36378,-280,120
36379,-265,120
36380,-275,140
36381,-250,145
36382,-260,155
36383,-255,160
36384,-250,165
36385,-250,145
36386,-245,145
36387,-250,160
36388,-260,150
36389,-265,130
36390,-270,135
36391,-265,135
36392,-260,140
36393,-265,150
36394,-255,160
36395,-235,165
36396,-235,160
36397,-245,150
36398,-245,150
36399,-245,145
36400,-245,135
36401,-255,135
36402,-265,140
36403,-260,130
36404,-255,145
36405,-250,155
36406,-250,145
36407,-250,160
36408,-245,160
36409,-240,165
36410,-240,145
36411,-255,140
36412,-260,135
36413,-270,130
36414,-275,140
36415,-275,130
36416,-280,135
36417,-275,140
36418,-270,150
36419,-265,145
36420,-270,140
36421,-270,140
36422,-265,160
36423,-285,135
36424,-285,125
36425,-290,125
36426,-300,125
36427,-305,120
36428,-305,120
36429,-295,140
36430,-300,150
36431,-285,135
36432,-285,145
36433,-285,135
36434,-285,135
36435,-290,140
36436,-305,125
36437,-310,110
36438,-325,110
36439,-325,120
36440,-335,120
36441,-330,135
36442,-330,140
36443,-330,145
36444,-315,145
36445,-315,140
36446,-310,150
36447,-320,140
36448,-340,150
36449,-330,160
36450,-340,170
36451,-335,190
36452,-325,210
36453,-305,220
36454,-310,230
36455,-290,225
36456,-270,215
36457,-260,210
36458,-260,185
36459,-250,180
36460,-250,155
36461,-240,145
36462,-230,130
36463,-205,135
36464,-200,140
36465,-180,135
36466,-160,140
36467,-145,130
36468,-160,120
36469,-155,115
36470,-170,105
36471,-200,100
36472,-210,110
36473,-245,100
36474,-245,115
36475,-255,115
36476,-285,110
36477,-290,110
36478,-295,110
36479,-315,115
36480,-335,110
36481,-360,125
36482,-360,95
36483,-370,105
36484,-360,95
36485,-380,85
36486,-390,90
36487,-375,100
36488,-385,95
36489,-385,105
36490,-380,110
36491,-370,115
36492,-375,110
36493,-380,105
36494,-375,110
36495,-385,100
36496,-395,100
36497,-400,95
36498,-410,85
36499,-415,95
36500,-405,105
36501,-405,120
36502,-400,120
36503,-380,120
36504,-380,125
36505,-385,120
36506,-385,120
36507,-410,115
36508,-400,110
36509,-405,95
36510,-410,105
36511,-405,115
36512,-405,120
36513,-385,125
36514,-400,130
36515,-385,140
36516,-385,140
36517,-380,130
36518,-375,120
36519,-385,120
36520,-385,105
36521,-390,110
36522,-400,115
36523,-395,110
36524,-390,115
36525,-390,135
36526,-375,145
36527,-385,135
36528,-370,150
36529,-385,150
36530,-365,135
36531,-370,130
36532,-380,125
36533,-385,130
36534,-380,130
36535,-380,130
36536,-380,135
36537,-380,135
36538,-375,135
36539,-360,150
36540,-355,155
36541,-350,155
36542,-360,145
36543,-350,140
36544,-365,140
36545,-370,130
36546,-390,135
36547,-380,145
36548,-390,135
36549,-370,160
36550,-365,155
36551,-355,155
36552,-350,150
36553,-355,165
36554,-355,155
36555,-360,145
36556,-360,140
36557,-365,135
36558,-370,135
36559,-385,145
36560,-385,135
36561,-365,155
36562,-360,150
36563,-365,160
36564,-355,165
36565,-355,165
36566,-350,155
36567,-375,150
36568,-370,160
36569,-370,140
36570,-375,145
36571,-375,135
36572,-370,150
36573,-365,160
36574,-365,165
36575,-350,155
36576,-340,170
36577,-355,160
36578,-355,155
36579,-345,145
36580,-360,140
36581,-365,145
36582,-370,130
36583,-370,135
36584,-370,145
36585,-370,160
36586,-360,160
36587,-350,170
36588,-360,165
36589,-360,170
36590,-350,155
36591,-355,145
36592,-350,160
36593,-350,160
36594,-355,150
36595,-355,140
36596,-345,150
36597,-340,165
36598,-330,160
36599,-330,175
36600,-310,160
36601,-325,165
36602,-325,160
36603,-335,160
36604,-325,155
36605,-335,140
36606,-345,140
36607,-335,140
36608,-325,155
36609,-325,160
36610,-320,160
36611,-320,175
36612,-315,150
36613,-315,165
36614,-315,165
36615,-320,155
36616,-330,145
36617,-325,145
36618,-335,155
36619,-335,150
36620,-335,150
36621,-320,160
36622,-315,160
36623,-320,165
36624,-315,170
36625,-320,175
36626,-305,170
36627,-315,155
36628,-310,155
36629,-335,155
36630,-330,155
36631,-335,155
36632,-320,155
36633,-325,165
36634,-310,165
36635,-295,180
36636,-300,175
36637,-300,180
36638,-300,170
36639,-305,170
36640,-310,155
36641,-320,155
36642,-330,170
36643,-310,160
36644,-330,165
36645,-325,165
36646,-315,170
36647,-305,175
36648,-295,185
36649,-310,185
36650,-295,170
36651,-305,160
36652,-295,145
36653,-305,160
36654,-315,155
36655,-310,170
36656,-325,175
36657,-310,175
36658,-300,175
36659,-290,180
36660,-285,185
36661,-290,180
36662,-295,175
36663,-290,165
36664,-295,150
36665,-290,145
36666,-290,145
36667,-295,155
36668,-295,160
36669,-285,165
36670,-280,170
36671,-275,180
36672,-280,185
36673,-295,190
36674,-285,170
36675,-285,170
36676,-290,175
36677,-290,170
36678,-290,170
36679,-300,165
36680,-305,175
36681,-295,170
36682,-290,180
36683,-295,185
36684,-280,175
36685,-280,190
36686,-275,175
36687,-270,170
36688,-270,160
36689,-285,175
36690,-285,160
36691,-285,155
36692,-290,165
36693,-275,185
36694,-270,175
36695,-275,195
36696,-260,185
36697,-255,175
36698,-270,180
36699,-265,170
36700,-265,170
36701,-280,165
36702,-280,165
36703,-285,170
36704,-285,170
36705,-275,175
36706,-265,175
36707,-260,175
36708,-255,175
36709,-260,165
36710,-255,160
36711,-260,135
36712,-260,155
36713,-275,155
36714,-260,155
36715,-270,145
36716,-260,160
36717,-250,175
36718,-250,180
36719,-245,190
36720,-245,175
36721,-245,175
36722,-245,170
36723,-240,170
36724,-255,155
36725,-250,150
36726,-265,155
36727,-250,165
36728,-265,160
36729,-255,165
36730,-255,180
36731,-240,175
36732,-240,180
36733,-240,180
36734,-235,160
36735,-240,165
36736,-260,165
36737,-260,165
36738,-260,160
36739,-265,165
36740,-265,165
36741,-250,160
36742,-235,175
36743,-235,185
36744,-250,195
36745,-235,185
36746,-240,180
36747,-250,170
36748,-255,170
36749,-255,170
36750,-245,160
36751,-260,150
36752,-245,165
36753,-250,180
36754,-245,185
36755,-235,195
36756,-235,185
36757,-230,190
36758,-240,175
36759,-240,170
36760,-245,165
36761,-255,170
36762,-250,180
36763,-255,200
36764,-260,215
36765,-235,225
36766,-230,240
36767,-215,250
36768,-195,275
36769,-195,290
36770,-200,285
36771,-195,275
36772,-195,255
36773,-185,255
36774,-180,240
36775,-175,225
36776,-170,230
36777,-165,230
36778,-140,220
36779,-115,215
36780,-95,205
36781,-70,195
36782,-45,190
36783,-35,180
36784,-40,165
36785,-45,155
36786,-55,155
36787,-65,145
36788,-85,155
36789,-90,165
36790,-80,155
36791,-85,175
36792,-85,185
36793,-100,190
36794,-120,180
36795,-130,170
36796,-155,160
36797,-180,145
36798,-205,140
36799,-220,135
36800,-235,140
36801,-245,135
36802,-250,140
36803,-260,155
36804,-250,150
36805,-240,145
36806,-250,135
36807,-260,135
36808,-250,130
36809,-270,125
36810,-280,125
36811,-275,125
36812,-280,135
36813,-265,155
36814,-270,155
36815,-270,155
36816,-255,155
36817,-250,150
36818,-265,160
36819,-265,145
36820,-270,155
36821,-275,140
36822,-285,155
36823,-275,160
36824,-270,195
36825,-280,210
36826,-285,240
36827,-305,270
36828,-330,280
36829,-395,270
36830,-450,230
36831,-515,205
36832,-505,165
36833,-405,130
36834,-180,70
36835,150,25
36836,540,-5
36837,960,-30
36838,1 340 000,-65
36839,1 630 000,-105
36840,1 765 000,-140
36841,1 705 000,-170
36842,1 415 000,-200
36843,965,-190
36844,500,-200
36845,120,-155
36846,-85,-120
36847,-155,-55
36848,-155,-10
36849,-105,30
36850,-50,55
36851,-25,80
36852,-40,100
36853,-90,125
36854,-155,145
36855,-215,165
36856,-265,175
36857,-285,200
36858,-290,180
36859,-305,190
36860,-295,185
36861,-280,205
36862,-285,210
36863,-290,225
36864,-290,225
36865,-305,225
36866,-305,225
36867,-330,210
36868,-320,210
36869,-325,210
36870,-335,205
36871,-340,200
36872,-340,210
36873,-335,225
36874,-330,220
36875,-320,230
36876,-325,235
36877,-320,235
36878,-335,220
36879,-325,215
36880,-330,210
36881,-360,200
36882,-355,200
36883,-360,210
36884,-370,210
36885,-360,210
36886,-345,215
36887,-325,220
36888,-325,225
36889,-320,220
36890,-315,220
36891,-320,215
36892,-330,220
36893,-335,205
36894,-340,205
36895,-335,205
36896,-340,200
36897,-330,205
36898,-315,210
36899,-315,225
36900,-305,230
36901,-300,215
36902,-310,220
36903,-300,215
36904,-305,200
36905,-300,210
36906,-300,220
36907,-295,225
36908,-290,220
36909,-285,230
36910,-280,230
36911,-275,235
36912,-265,230
36913,-270,235
36914,-270,230
36915,-265,225
36916,-280,210
36917,-285,215
36918,-285,210
36919,-280,230
36920,-270,235
36921,-265,230
36922,-245,225
36923,-245,240
36924,-225,240
36925,-235,225
36926,-235,230
36927,-235,215
36928,-230,215
36929,-225,220
36930,-230,220
36931,-220,225
36932,-215,220
36933,-200,230
36934,-195,245
36935,-195,250
36936,-170,255
36937,-175,245
36938,-170,265
36939,-165,255
36940,-165,250
36941,-170,245
36942,-160,245
36943,-155,240
36944,-145,250
36945,-130,250
36946,-125,275
36947,-110,265
36948,-100,280
36949,-100,260
36950,-100,260
36951,-95,245
36952,-90,250
36953,-85,250
36954,-85,240
36955,-80,240
36956,-65,240
36957,-60,225
36958,-50,250
36959,-50,240
36960,-50,255
36961,-50,240
36962,-30,240
36963,-20,235
36964,-10,220
36965,10,215
36966,15,210
36967,25,195
36968,25,195
36969,35,200
36970,40,210
36971,60,200
36972,75,190
36973,85,180
36974,90,180
36975,90,165
36976,90,160
36977,80,155
36978,70,135
36979,65,150
36980,35,145
36981,45,150
36982,45,150
36983,50,160
36984,45,155
36985,20,145
36986,5,150
36987,-20,125
36988,-35,120
36989,-50,110
36990,-55,105
36991,-70,115
36992,-75,125
36993,-65,120
36994,-85,125
36995,-90,140
36996,-90,140
36997,-95,150
36998,-100,150
36999,-120,130
37000,-140,125
37001,-150,120
37002,-165,125
37003,-190,125
37004,-185,135
37005,-180,135
37006,-155,140
37007,-150,150
37008,-140,160
37009,-155,160
37010,-175,145
37011,-170,145
37012,-175,140
37013,-175,140
37014,-195,140
37015,-195,145
37016,-190,155
37017,-210,160
37018,-200,165
37019,-200,175
37020,-185,185
37021,-180,185
37022,-165,180
37023,-170,155
37024,-175,155
37025,-200,150
37026,-205,150
37027,-205,160
37028,-215,165
37029,-205,180
37030,-195,175
37031,-190,185
37032,-195,180
37033,-205,175
37034,-215,170
37035,-220,165
37036,-235,155
37037,-235,165
37038,-215,160
37039,-220,170
37040,-210,170
37041,-205,165
37042,-210,185
37043,-215,195
37044,-195,180
37045,-205,175
37046,-205,155
37047,-200,150
37048,-220,150
37049,-205,155
37050,-215,165
37051,-225,155
37052,-230,165
37053,-230,170
37054,-230,180
37055,-215,175
37056,-195,170
37057,-215,175
37058,-205,170
37059,-220,160
37060,-245,155
37061,-260,155
37062,-270,150
37063,-265,150
37064,-250,160
37065,-240,175
37066,-225,190
37067,-230,200
37068,-225,210
37069,-230,215
37070,-225,215
37071,-215,205
37072,-210,210
37073,-210,210
37074,-200,200
37075,-180,210
37076,-165,210
37077,-170,200
37078,-155,200
37079,-160,210
37080,-155,200
37081,-135,195
37082,-140,175
37083,-135,170
37084,-120,140
37085,-90,135
37086,-80,120
37087,-70,125
37088,-70,130
37089,-75,130
37090,-95,130
37091,-105,135
37092,-115,140
37093,-130,130
37094,-140,150
37095,-155,135
37096,-175,130
37097,-190,125
37098,-220,120
37099,-235,110
37100,-265,120
37101,-300,120
37102,-310,120
37103,-315,130
37104,-300,120
37105,-295,120
37106,-275,115
37107,-275,110
37108,-285,100
37109,-300,110
37110,-300,110
37111,-325,100
37112,-325,110
37113,-325,115
37114,-330,130
37115,-335,120
37116,-330,125
37117,-330,130
37118,-340,120
37119,-335,105
37120,-345,115
37121,-340,95
37122,-345,120
37123,-355,115
37124,-360,130
37125,-355,115
37126,-340,135
37127,-320,135
37128,-310,130
37129,-295,140
37130,-290,140
37131,-300,140
37132,-310,125
37133,-335,110
37134,-355,115
37135,-365,120
37136,-360,130
37137,-350,130
37138,-330,145
37139,-325,160
37140,-325,155
37141,-335,165
37142,-350,155
37143,-360,150
37144,-365,145
37145,-360,130
37146,-365,135
37147,-355,145
37148,-335,150
37149,-325,155
37150,-320,165
37151,-310,175
37152,-300,160
37153,-315,160
37154,-315,160
37155,-325,145
37156,-340,150
37157,-330,155
37158,-335,140
37159,-340,150
37160,-325,155
37161,-325,160
37162,-330,160
37163,-315,180
37164,-315,175
37165,-330,170
37166,-320,165
37167,-330,150
37168,-335,150
37169,-345,140
37170,-350,130
37171,-345,145
37172,-335,145
37173,-335,145
37174,-330,160
37175,-315,160
37176,-315,175
37177,-300,170
37178,-315,155
37179,-325,160
37180,-335,150
37181,-345,145
37182,-340,145
37183,-335,150
37184,-340,160
37185,-330,150
37186,-315,170
37187,-300,175
37188,-290,170
37189,-305,165
37190,-310,155
37191,-330,150
37192,-330,145
37193,-335,140
37194,-340,140
37195,-325,140
37196,-325,150
37197,-335,155
37198,-315,160
37199,-315,160
37200,-315,160
37201,-310,155
37202,-310,150
37203,-300,155
37204,-300,135
37205,-315,140
37206,-330,140
37207,-335,120
37208,-340,145
37209,-335,140
37210,-310,155
37211,-300,160
37212,-280,155
37213,-290,160
37214,-295,165
37215,-300,155
37216,-300,140
37217,-300,135
37218,-315,145
37219,-320,130
37220,-330,145
37221,-320,150
37222,-305,160
37223,-295,165
37224,-280,165
37225,-280,165
37226,-275,145
37227,-290,130
37228,-300,135
37229,-310,130
37230,-310,130
37231,-305,140
37232,-305,135
37233,-295,140
37234,-285,145
37235,-295,155
37236,-280,145
37237,-280,135
37238,-290,150
37239,-295,145
37240,-310,130
37241,-310,140
37242,-305,130
37243,-295,120
37244,-270,140
37245,-270,135
37246,-265,145
37247,-270,165
37248,-270,165
37249,-275,160
37250,-275,160
37251,-290,150
37252,-290,145
37253,-285,130
37254,-290,135
37255,-285,120
37256,-265,140
37257,-265,140
37258,-260,155
37259,-255,155
37260,-265,160
37261,-270,160
37262,-275,155
37263,-260,160
37264,-275,155
37265,-265,130
37266,-285,140
37267,-280,130
37268,-285,140
37269,-270,145
37270,-265,155
37271,-235,155
37272,-250,160
37273,-260,160
37274,-270,155
37275,-260,155
37276,-265,145
37277,-265,130
37278,-285,130
37279,-285,140
37280,-280,145
37281,-265,150
37282,-265,145
37283,-255,150
37284,-255,145
37285,-245,160
37286,-250,145
37287,-255,155
37288,-265,145
37289,-265,140
37290,-275,140
37291,-265,145
37292,-270,150
37293,-245,145
37294,-245,155
37295,-250,155
37296,-240,155
37297,-230,155
37298,-230,160
37299,-235,145
37300,-250,130
37301,-260,115
37302,-255,125
37303,-260,135
37304,-265,130
37305,-260,140
37306,-235,140
37307,-235,155
37308,-225,140
37309,-220,150
37310,-225,140
37311,-230,135
37312,-235,135
37313,-240,135
37314,-245,120
37315,-245,130
37316,-240,135
37317,-230,135
37318,-220,145
37319,-215,145
37320,-215,140
37321,-215,145
37322,-220,135
37323,-210,135
37324,-230,130
37325,-230,125
37326,-220,110
37327,-215,120
37328,-225,120
37329,-225,140
37330,-220,130
37331,-210,145
37332,-200,140
37333,-210,130
37334,-220,125
37335,-210,140
37336,-220,115
37337,-220,130
37338,-225,120
37339,-220,125
37340,-225,135
37341,-225,140
37342,-235,140
37343,-230,140
37344,-220,140
37345,-210,125
37346,-205,140
37347,-210,135
37348,-210,120
37349,-230,120
37350,-225,125
37351,-225,120
37352,-220,135
37353,-220,140
37354,-235,135
37355,-225,145
37356,-215,155
37357,-215,140
37358,-215,135
37359,-210,135
37360,-225,120
37361,-225,120
37362,-230,120
37363,-235,120
37364,-225,125
37365,-230,140
37366,-215,140
37367,-210,155
37368,-200,160
37369,-200,165
37370,-200,165
37371,-210,165
37372,-210,175
37373,-215,170
37374,-205,175
37375,-200,175
37376,-190,190
37377,-185,190
37378,-170,195
37379,-155,190
37380,-140,185
37381,-130,195
37382,-120,185
37383,-130,165
37384,-115,165
37385,-105,155
37386,-85,135
37387,-60,135
37388,-50,140
37389,-45,140
37390,-35,135
37391,-40,145
37392,-35,125
37393,-50,125
37394,-60,115
37395,-70,125
37396,-85,100
37397,-110,110
37398,-140,100
37399,-145,95
37400,-165,95
37401,-175,100
37402,-180,100
37403,-200,105
37404,-215,100
37405,-235,105
37406,-250,95
37407,-240,85
37408,-250,90
37409,-260,75
37410,-260,75
37411,-270,70
37412,-275,65
37413,-275,70
37414,-280,85
37415,-260,100
37416,-260,95
37417,-260,85
37418,-260,85
37419,-265,75
37420,-275,70
37421,-275,80
37422,-285,75
37423,-280,70
37424,-270,85
37425,-270,90
37426,-265,95
37427,-265,105
37428,-255,120
37429,-250,140
37430,-270,150
37431,-290,170
37432,-305,185
37433,-360,185
37434,-435,165
37435,-500,135
37436,-515,105
37437,-445,65
37438,-265,30
37439,35,0
37440,405,-35
37441,810,-55
37442,1 195 000,-60
37443,1 500 000,-80
37444,1 655 000,-100
37445,1 605 000,-130
37446,1 305 000,-170
37447,840,-180
37448,345,-150
37449,-30,-115
37450,-235,-95
37451,-305,-60
37452,-285,-40
37453,-265,-45
37454,-235,-20
37455,-220,-30
37456,-240,-25
37457,-280,0
37458,-305,35
37459,-330,65
37460,-340,100
37461,-340,115
37462,-325,120
37463,-300,120
37464,-290,120
37465,-300,115
37466,-310,120
37467,-325,115
37468,-355,110
37469,-365,110
37470,-365,105
37471,-380,105
37472,-360,120
37473,-355,135
37474,-355,135
37475,-340,140
37476,-335,135
37477,-345,145
37478,-345,145
37479,-355,135
37480,-355,125
37481,-350,120
37482,-365,120
37483,-365,115
37484,-380,120
37485,-380,135
37486,-365,135
37487,-355,145
37488,-350,140
37489,-340,145
37490,-340,145
37491,-340,125
37492,-355,125
37493,-340,120
37494,-350,120
37495,-340,120
37496,-345,125
37497,-330,130
37498,-325,125
37499,-325,140
37500,-310,140
37501,-300,140
37502,-310,150
37503,-320,145
37504,-315,135
37505,-320,130
37506,-340,135
37507,-335,140
37508,-340,140
37509,-330,155
37510,-315,160
37511,-320,160
37512,-305,165
37513,-300,160
37514,-290,155
37515,-300,145
37516,-295,140
37517,-305,155
37518,-290,140
37519,-300,140
37520,-300,145
37521,-290,160
37522,-285,165
37523,-270,170
37524,-270,165
37525,-260,180
37526,-255,180
37527,-240,175
37528,-250,155
37529,-250,165
37530,-255,165
37531,-245,150
37532,-245,165
37533,-235,180
37534,-220,190
37535,-205,190
37536,-200,200
37537,-205,200
37538,-205,200
37539,-220,195
37540,-205,190
37541,-200,190
37542,-210,190
37543,-200,190
37544,-190,195
37545,-185,215
37546,-180,220
37547,-175,225
37548,-160,235
37549,-150,235
37550,-145,225
37551,-145,220
37552,-160,225
37553,-150,215
37554,-155,220
37555,-160,215
37556,-155,215
37557,-150,225
37558,-135,230
37559,-120,250
37560,-105,230
37561,-105,230
37562,-100,220
37563,-100,215
37564,-95,220
37565,-95,210
37566,-95,210
37567,-90,215
37568,-75,215
37569,-65,205
37570,-55,210
37571,-35,210
37572,-25,210
37573,-15,200
37574,-15,195
37575,-5,190
37576,15,170
37577,10,160
37578,10,145
37579,15,145
37580,30,150
37581,40,155
37582,50,150
37583,55,160
37584,75,160
37585,70,160
37586,60,140
37587,50,135
37588,35,135
37589,35,125
37590,25,105
37591,25,100
37592,0,115
37593,-15,120
37594,-10,110
37595,-30,125
37596,-20,130
37597,-25,125
37598,-40,125
37599,-50,105
37600,-70,105
37601,-105,85
37602,-120,100
37603,-115,100
37604,-135,105
37605,-135,120
37606,-135,125
37607,-145,130
37608,-135,135
37609,-145,130
37610,-150,140
37611,-170,135
37612,-185,130
37613,-185,130
37614,-195,125
37615,-210,135
37616,-215,140
37617,-200,130
37618,-200,145
37619,-205,160
37620,-200,150
37621,-200,155
37622,-210,160
37623,-215,135
37624,-225,140
37625,-215,130
37626,-225,125
37627,-225,135
37628,-225,140
37629,-220,160
37630,-215,155
37631,-210,170
37632,-195,160
37633,-210,165
37634,-210,160
37635,-215,165
37636,-220,150
37637,-215,150
37638,-215,140
37639,-220,145
37640,-220,145
37641,-215,155
37642,-200,160
37643,-190,165
37644,-190,165
37645,-205,155
37646,-185,170
37647,-195,155
37648,-205,145
37649,-210,140
37650,-205,150
37651,-225,145
37652,-215,145
37653,-215,160
37654,-200,160
37655,-205,165
37656,-195,170
37657,-185,180
37658,-190,165
37659,-195,145
37660,-195,155
37661,-205,140
37662,-210,140
37663,-210,135
37664,-210,140
37665,-215,150
37666,-200,170
37667,-195,170
37668,-200,175
37669,-200,160
37670,-210,175
37671,-215,160
37672,-220,145
37673,-225,150
37674,-225,135
37675,-235,150
37676,-235,140
37677,-240,155
37678,-240,160
37679,-250,155
37680,-235,165
37681,-225,155
37682,-230,160
37683,-240,160
37684,-240,150
37685,-240,150
37686,-250,155
37687,-250,160
37688,-255,180
37689,-265,195
37690,-245,220
37691,-230,225
37692,-215,235
37693,-220,245
37694,-200,240
37695,-200,235
37696,-190,220
37697,-190,220
37698,-185,195
37699,-180,195
37700,-175,190
37701,-160,185
37702,-140,185
37703,-115,185
37704,-85,165
37705,-80,150
37706,-60,150
37707,-60,135
37708,-80,125
37709,-90,110
37710,-110,95
37711,-125,100
37712,-135,105
37713,-140,120
37714,-150,130
37715,-150,140
37716,-160,135
37717,-180,135
37718,-190,125
37719,-215,110
37720,-235,100
37721,-265,105
37722,-290,95
37723,-310,95
37724,-305,90
37725,-310,115
37726,-305,110
37727,-305,125
37728,-310,125
37729,-305,120
37730,-315,115
37731,-320,105
37732,-310,100
37733,-320,110
37734,-320,90
37735,-335,95
37736,-335,115
37737,-330,120
37738,-325,115
37739,-330,125
37740,-325,135
37741,-325,130
37742,-330,135
37743,-325,120
37744,-330,110
37745,-340,125
37746,-355,125
37747,-355,125
37748,-355,130
37749,-330,140
37750,-330,125
37751,-330,130
37752,-315,140
37753,-315,140
37754,-320,135
37755,-325,135
37756,-340,130
37757,-330,125
37758,-350,115
37759,-335,130
37760,-335,130
37761,-330,140
37762,-325,145
37763,-325,145
37764,-310,150
37765,-320,135
37766,-315,130
37767,-320,125
37768,-335,140
37769,-330,125
37770,-340,130
37771,-340,125
37772,-335,135
37773,-330,145
37774,-325,145
37775,-325,150
37776,-315,150
37777,-320,150
37778,-335,160
37779,-325,145
37780,-335,140
37781,-345,140
37782,-340,135
37783,-350,140
37784,-340,145
37785,-345,150
37786,-330,160
37787,-325,155
37788,-320,170
37789,-320,160
37790,-325,155
37791,-320,150
37792,-345,145
37793,-340,135
37794,-340,135
37795,-345,125
37796,-340,145
37797,-345,150
37798,-330,145
37799,-335,155
37800,-320,160
37801,-325,160
37802,-330,170
37803,-330,155
37804,-330,135
37805,-330,140
37806,-340,135
37807,-340,135
37808,-355,150
37809,-335,145
37810,-335,145
37811,-320,150
37812,-315,155
37813,-300,160
37814,-310,155
37815,-305,145
37816,-315,150
37817,-325,145
37818,-330,140
37819,-320,150
37820,-320,155
37821,-305,160
37822,-325,175
37823,-310,160
37824,-300,170
37825,-300,170
37826,-305,170
37827,-310,155
37828,-310,155
37829,-320,135
37830,-320,135
37831,-320,140
37832,-320,145
37833,-305,160
37834,-295,155
37835,-305,160
37836,-290,170
37837,-290,160
37838,-295,160
37839,-290,145
37840,-295,155
37841,-300,140
37842,-300,130
37843,-300,130
37844,-300,150
37845,-295,160
37846,-285,160
37847,-275,155
37848,-280,165
37849,-275,155
37850,-270,155
37851,-275,150
37852,-280,150
37853,-290,150
37854,-285,140
37855,-285,135
37856,-280,145
37857,-295,145
37858,-270,160
37859,-270,160
37860,-255,165
37861,-260,160
37862,-265,170
37863,-265,150
37864,-270,155
37865,-275,155
37866,-285,145
37867,-285,145
37868,-285,140
37869,-270,160
37870,-265,150
37871,-260,160
37872,-255,165
37873,-250,165
37874,-255,160
37875,-260,145
37876,-255,140
37877,-275,140
37878,-265,140
37879,-270,135
37880,-270,140
37881,-270,145
37882,-255,165
37883,-255,165
37884,-250,175
37885,-245,160
37886,-245,165
37887,-250,160
37888,-265,150
37889,-280,150
37890,-265,140
37891,-260,150
37892,-275,150
37893,-260,160
37894,-255,155
37895,-265,170
37896,-255,175
37897,-255,170
37898,-240,170
37899,-245,170
37900,-245,165
37901,-250,170
37902,-245,150
37903,-260,160
37904,-255,155
37905,-255,150
37906,-250,165
37907,-240,175
37908,-240,175
37909,-235,170
37910,-235,175
37911,-235,155
37912,-240,155
37913,-255,140
37914,-260,145
37915,-265,140
37916,-260,155
37917,-250,155
37918,-240,150
37919,-245,155
37920,-225,165
37921,-230,155
37922,-230,165
37923,-225,150
37924,-235,150
37925,-240,140
37926,-245,135
37927,-235,135
37928,-240,140
37929,-250,145
37930,-240,160
37931,-245,160
37932,-230,170
37933,-220,160
37934,-220,160
37935,-220,155
37936,-220,150
37937,-220,145
37938,-235,150
37939,-240,150
37940,-245,145
37941,-245,155
37942,-240,165
37943,-235,160
37944,-225,160
37945,-215,165
37946,-215,160
37947,-215,145
37948,-230,150
37949,-240,140
37950,-240,145
37951,-250,145
37952,-235,145
37953,-225,160
37954,-225,155
37955,-215,165
37956,-220,155
37957,-220,175
37958,-215,160
37959,-220,155
37960,-225,145
37961,-225,150
37962,-230,140
37963,-230,155
37964,-240,150
37965,-235,165
37966,-220,165
37967,-220,180
37968,-215,180
37969,-215,170
37970,-210,155
37971,-215,160
37972,-230,150
37973,-225,145
37974,-240,150
37975,-240,140
37976,-235,140
37977,-215,170
37978,-225,165
37979,-205,165
37980,-190,170
37981,-190,175
37982,-195,165
37983,-195,160
37984,-210,150
37985,-215,150
37986,-220,155
37987,-220,165
37988,-220,175
37989,-185,190
37990,-175,220
37991,-160,225
37992,-150,250
37993,-155,245
37994,-145,245
37995,-125,245
37996,-140,215
37997,-120,200
37998,-115,200
37999,-115,185
38000,-105,175
38001,-80,175
38002,-50,175
38003,-35,175
38004,-5,170
38005,10,160
38006,30,165
38007,20,150
38008,5,145
38009,-5,135
38010,-15,120
38011,-50,115
38012,-45,130
38013,-65,145
38014,-65,150
38015,-85,150
38016,-95,150
38017,-120,140
38018,-140,140
38019,-155,120
38020,-180,105
38021,-195,100
38022,-215,105
38023,-205,110
38024,-210,115
38025,-215,120
38026,-215,125
38027,-220,120
38028,-225,120
38029,-215,130
38030,-225,135
38031,-225,115
38032,-235,115
38033,-235,105
38034,-230,95
38035,-225,100
38036,-235,110
38037,-235,105
38038,-215,115
38039,-205,125
38040,-190,135
38041,-190,150
38042,-200,150
38043,-205,170
38044,-235,190
38045,-270,200
38046,-335,190
38047,-405,185
38048,-450,150
38049,-435,125
38050,-305,65
38051,-20,40
38052,355,-5
38053,800,-30
38054,1 265 000,-40
38055,1 635 000,-60
38056,1 835 000,-80
38057,1 760 000,-100
38058,1 395 000,-115
38059,875,-120
38060,325,-95
38061,-60,-70
38062,-255,-35
38063,-320,0
38064,-260,35
38065,-200,45
38066,-135,50
38067,-100,60
38068,-120,90
38069,-165,100
38070,-215,130
38071,-255,135
38072,-270,155
38073,-280,180
38074,-270,175
38075,-270,170
38076,-255,175
38077,-255,180
38078,-255,175
38079,-255,170
38080,-260,165
38081,-260,160
38082,-270,155
38083,-280,140
38084,-275,160
38085,-280,160
38086,-270,175
38087,-275,180
38088,-265,175
38089,-260,170
38090,-265,170
38091,-270,160
38092,-280,150
38093,-275,160
38094,-285,160
38095,-285,155
38096,-280,165
38097,-285,160
38098,-280,175
38099,-275,180
38100,-260,175
38101,-265,165
38102,-270,165
38103,-275,155
38104,-280,155
38105,-280,150
38106,-295,155
38107,-285,150
38108,-270,145
38109,-280,150
38110,-270,165
38111,-265,170
38112,-265,170
38113,-250,160
38114,-245,160
38115,-250,160
38116,-240,135
38117,-250,145
38118,-250,135
38119,-250,155
38120,-255,150
38121,-260,155
38122,-255,165
38123,-235,165
38124,-230,160
38125,-235,160
38126,-245,165
38127,-225,155
38128,-230,150
38129,-225,140
38130,-210,140
38131,-210,140
38132,-215,140
38133,-195,150
38134,-180,160
38135,-175,160
38136,-185,170
38137,-160,160
38138,-160,155
38139,-160,145
38140,-170,145
38141,-170,145
38142,-155,150
38143,-165,140
38144,-165,145
38145,-170,150
38146,-145,160
38147,-140,165
38148,-115,175
38149,-115,155
38150,-95,165
38151,-85,160
38152,-80,150
38153,-65,150
38154,-55,145
38155,-60,150
38156,-50,160
38157,-35,150
38158,-30,155
38159,-15,175
38160,-5,175
38161,5,180
38162,10,165
38163,10,160
38164,25,155
38165,45,170
38166,40,150
38167,40,150
38168,50,140
38169,50,145
38170,60,150
38171,75,155
38172,95,155
38173,110,160
38174,125,155
38175,130,155
38176,125,135
38177,120,125
38178,105,125
38179,125,125
38180,130,125
38181,150,130
38182,175,135
38183,170,140
38184,190,135
38185,190,125
38186,180,125
38187,160,105
38188,170,110
38189,160,100
38190,160,90
38191,145,90
38192,140,90
38193,110,100
38194,135,105
38195,135,105
38196,135,115
38197,130,100
38198,115,95
38199,80,95
38200,55,80
38201,40,70
38202,5,70
38203,-20,70
38204,-15,80
38205,-25,85
38206,-35,95
38207,-35,90
38208,-45,100
38209,-65,105
38210,-90,110
38211,-95,110
38212,-115,115
38213,-125,100
38214,-125,90
38215,-140,95
38216,-150,95
38217,-160,100
38218,-160,100
38219,-160,110
38220,-155,120
38221,-165,115
38222,-165,110
38223,-175,110
38224,-170,95
38225,-185,90
38226,-190,90
38227,-190,90
38228,-200,100
38229,-190,120
38230,-180,125
38231,-175,115
38232,-175,120
38233,-185,125
38234,-195,125
38235,-205,100
38236,-200,100
38237,-190,100
38238,-190,105
38239,-200,105
38240,-190,115
38241,-200,105
38242,-210,115
38243,-195,115
38244,-195,125
38245,-175,130
38246,-170,125
38247,-170,120
38248,-170,105
38249,-185,105
38250,-185,95
38251,-200,105
38252,-205,100
38253,-210,100
38254,-205,105
38255,-210,105
38256,-195,110
38257,-185,115
38258,-175,105
38259,-175,110
38260,-180,95
38261,-175,90
38262,-170,90
38263,-170,95
38264,-170,95
38265,-180,100
38266,-180,105
38267,-185,110
38268,-200,120
38269,-185,115
38270,-185,140
38271,-175,140
38272,-170,130
38273,-175,120
38274,-180,135
38275,-165,140
38276,-145,150
38277,-145,155
38278,-125,165
38279,-125,160
38280,-110,155
38281,-105,155
38282,-95,150
38283,-85,145
38284,-90,125
38285,-85,115
38286,-80,95
38287,-60,105
38288,-40,100
38289,-25,100
38290,-5,95
38291,-5,105
38292,-5,95
38293,-10,100
38294,-35,100
38295,-60,75
38296,-70,70
38297,-75,70
38298,-85,75
38299,-80,85
38300,-95,90
38301,-105,85
38302,-120,90
38303,-145,75
38304,-160,85
38305,-180,75
38306,-190,85
38307,-210,70
38308,-215,65
38309,-220,55
38310,-250,60
38311,-260,50
38312,-270,65
38313,-270,60
38314,-270,65
38315,-255,75
38316,-230,80
38317,-235,80
38318,-235,85
38319,-245,80
38320,-255,85
38321,-255,65
38322,-265,60
38323,-285,55
38324,-285,60
38325,-290,75
38326,-275,55
38327,-255,70
38328,-230,75
38329,-230,75
38330,-230,90
38331,-220,75
38332,-240,85
38333,-255,75
38334,-270,50
38335,-290,65
38336,-290,75
38337,-280,85
38338,-275,95
38339,-270,100
38340,-255,100
38341,-255,90
38342,-250,80
38343,-245,90
38344,-230,80
38345,-235,65
38346,-255,60
38347,-260,70
38348,-255,75
38349,-265,80
38350,-235,95
38351,-230,95
38352,-230,115
38353,-230,100
38354,-255,105
38355,-255,90
38356,-265,85
38357,-270,75
38358,-255,70
38359,-245,85
38360,-235,70
38361,-235,85
38362,-235,95
38363,-230,120
38364,-235,110
38365,-255,105
38366,-250,115
38367,-245,105
38368,-245,95
38369,-240,80
38370,-250,80
38371,-255,75
38372,-260,80
38373,-255,95
38374,-255,110
38375,-245,110
38376,-240,115
38377,-240,90
38378,-235,100
38379,-245,85
38380,-250,80
38381,-255,65
38382,-250,55
38383,-255,75
38384,-250,80
38385,-245,75
38386,-245,90
38387,-260,95
38388,-245,95
38389,-230,95
38390,-235,100
38391,-235,90
38392,-250,80
38393,-240,75
38394,-245,80
38395,-255,75
38396,-255,80
38397,-250,80
38398,-250,95
38399,-225,100
38400,-230,100
38401,-240,95
38402,-240,95
38403,-230,95
38404,-240,65
38405,-245,65
38406,-245,60
38407,-260,90
38408,-265,80
38409,-255,80
38410,-240,85
38411,-240,90
38412,-220,80
38413,-230,95
38414,-225,85
38415,-230,80
38416,-240,80
38417,-255,70
38418,-250,70
38419,-250,65
38420,-240,65
38421,-240,75
38422,-240,85
38423,-230,90
38424,-220,95
38425,-230,95
38426,-235,95
38427,-245,95
38428,-235,75
38429,-245,70
38430,-235,60
38431,-240,75
38432,-245,80
38433,-240,80
38434,-240,90
38435,-220,90
38436,-215,85
38437,-220,85
38438,-215,85
38439,-210,75
38440,-230,75
38441,-230,65
38442,-230,65
38443,-245,65
38444,-260,65
38445,-245,85
38446,-235,75
38447,-230,80
38448,-225,85
38449,-220,85
38450,-220,85
38451,-215,80
38452,-220,70
38453,-225,65
38454,-225,65
38455,-245,65
38456,-240,75
38457,-240,70
38458,-230,85
38459,-225,75
38460,-215,80
38461,-205,80
38462,-210,75
38463,-215,75
38464,-205,65
38465,-230,60
38466,-235,45
38467,-240,35
38468,-240,50
38469,-245,65
38470,-225,70
38471,-215,80
38472,-210,75
38473,-205,80
38474,-210,70
38475,-205,65
38476,-220,60
38477,-225,45
38478,-235,45
38479,-240,50
38480,-235,55
38481,-245,55
38482,-225,50
38483,-225,55
38484,-220,65
38485,-205,70
38486,-205,70
38487,-200,55
38488,-220,45
38489,-225,45
38490,-230,25
38491,-235,30
38492,-230,35
38493,-225,45
38494,-205,50
38495,-200,55
38496,-185,60
38497,-185,65
38498,-195,55
38499,-195,45
38500,-200,45
38501,-205,45
38502,-215,35
38503,-215,40
38504,-220,45
38505,-220,45
38506,-210,45
38507,-205,55
38508,-200,50
38509,-195,55
38510,-195,55
38511,-200,45
38512,-200,45
38513,-200,40
38514,-225,20
38515,-230,35
38516,-225,35
38517,-220,40
38518,-220,50
38519,-215,45
38520,-205,45
38521,-205,50
38522,-200,50
38523,-195,40
38524,-210,25
38525,-215,30
38526,-210,25
38527,-210,25
38528,-210,30
38529,-210,30
38530,-200,35
38531,-190,45
38532,-200,55
38533,-185,50
38534,-185,40
38535,-180,45
38536,-195,25
38537,-195,30
38538,-205,15
38539,-215,25
38540,-205,30
38541,-210,30
38542,-200,40
38543,-195,35
38544,-185,45
38545,-175,35
38546,-175,45
38547,-180,45
38548,-180,25
38549,-190,40
38550,-190,15
38551,-195,10
38552,-190,25
38553,-185,25
38554,-195,25
38555,-190,30
38556,-175,30
38557,-165,40
38558,-170,25
38559,-175,35
38560,-180,20
38561,-180,15
38562,-180,5
38563,-210,10
38564,-200,20
38565,-190,25
38566,-180,35
38567,-165,40
38568,-160,35
38569,-160,35
38570,-165,30
38571,-175,30
38572,-170,20
38573,-175,15
38574,-185,10
38575,-185,30
38576,-175,40
38577,-170,45
38578,-165,75
38579,-160,80
38580,-150,95
38581,-140,95
38582,-145,115
38583,-130,115
38584,-130,110
38585,-135,110
38586,-130,100
38587,-125,95
38588,-115,85
38589,-115,85
38590,-110,75
38591,-95,80
38592,-70,80
38593,-45,70
38594,-35,65
38595,-20,50
38596,-5,35
38597,-5,30
38598,0,25
38599,25,15
38600,15,0
38601,5,5
38602,0,5
38603,-5,10
38604,-5,10
38605,-20,5
38606,-30,10
38607,-45,20
38608,-65,0
38609,-70,10
38610,-95,-5
38611,-110,-10
38612,-140,-5
38613,-155,-10
38614,-170,10
38615,-185,10
38616,-185,15
38617,-175,10
38618,-190,-5
38619,-185,-10
38620,-190,-15
38621,-190,-20
38622,-205,-25
38623,-220,-15
38624,-225,-25
38625,-215,-5
38626,-210,0
38627,-200,5
38628,-200,15
38629,-200,15
38630,-200,10
38631,-200,5
38632,-200,15
38633,-215,-5
38634,-215,5
38635,-230,20
38636,-215,15
38637,-215,25
38638,-210,40
38639,-200,65
38640,-205,110
38641,-220,115
38642,-250,140
38643,-305,120
38644,-385,110
38645,-430,75
38646,-450,35
38647,-370,-10
38648,-160,-45
38649,160,-100
38650,555,-135
38651,970,-135
38652,1 365 000,-150
38653,1 645 000,-175
38654,1 755 000,-210
38655,1 600 000,-255
38656,1 215 000,-275
38657,720,-270
38658,270,-250
38659,-45,-215
38660,-205,-180
38661,-240,-140
38662,-205,-100
38663,-155,-85
38664,-120,-55
38665,-105,-25
38666,-140,-5
38667,-180,20
38668,-215,40
38669,-235,50
38670,-245,55
38671,-245,45
38672,-245,50
38673,-255,55
38674,-255,60
38675,-260,65
38676,-255,90
38677,-260,100
38678,-270,80
38679,-265,75
38680,-265,75
38681,-275,70
38682,-280,65
38683,-290,65
38684,-290,70
38685,-290,75
38686,-280,90
38687,-280,95
38688,-275,95
38689,-260,95
38690,-265,95
38691,-265,85
38692,-275,80
38693,-275,80
38694,-275,75
38695,-275,70
38696,-270,70
38697,-280,85
38698,-270,85
38699,-260,90
38700,-250,95
38701,-245,80
38702,-250,85
38703,-250,100
38704,-250,80
38705,-260,70
38706,-265,60
38707,-275,65
38708,-265,70
38709,-255,75
38710,-250,75
38711,-240,85
38712,-235,100
38713,-235,90
38714,-235,105
38715,-235,95
38716,-240,90
38717,-235,85
38718,-250,95
38719,-245,85
38720,-245,90
38721,-230,100
38722,-220,110
38723,-220,110
38724,-215,110
38725,-215,120
38726,-190,115
38727,-200,115
38728,-190,95
38729,-190,95
38730,-200,90
38731,-195,105
38732,-190,90
38733,-195,110
38734,-175,110
38735,-170,120
38736,-160,130
38737,-155,125
38738,-145,130
38739,-145,135
38740,-140,110
38741,-145,125
38742,-145,110
38743,-145,125
38744,-135,135
38745,-140,135
38746,-115,140
38747,-105,165
38748,-90,165
38749,-80,165
38750,-75,165
38751,-65,170
38752,-75,155
38753,-65,175
38754,-70,155
38755,-60,160
38756,-65,175
38757,-55,170
38758,-45,180
38759,-30,190
38760,-20,200
38761,-5,200
38762,5,195
38763,5,180
38764,10,175
38765,5,175
38766,10,170
38767,5,175
38768,20,175
38769,15,180
38770,35,190
38771,30,200
38772,45,185
38773,55,185
38774,65,185
38775,60,165
38776,70,160
38777,65,150
38778,60,140
38779,70,145
38780,75,140
38781,85,150
38782,100,140
38783,110,145
38784,125,145
38785,135,140
38786,130,135
38787,135,120
38788,130,115
38789,125,110
38790,120,90
38791,115,90
38792,115,85
38793,105,100
38794,105,95
38795,105,85
38796,110,90
38797,105,95
38798,95,90
38799,80,70
38800,75,65
38801,45,60
38802,30,45
38803,20,55
38804,15,50
38805,-10,60
38806,-20,60
38807,-30,70
38808,-40,80
38809,-40,75
38810,-60,75
38811,-70,65
38812,-80,65
38813,-100,55
38814,-95,70
38815,-115,65
38816,-130,70
38817,-120,70
38818,-120,80
38819,-140,80
38820,-120,90
38821,-120,85
38822,-125,95
38823,-135,95
38824,-135,90
38825,-140,70
38826,-155,75
38827,-155,75
38828,-155,75
38829,-160,85
38830,-160,90
38831,-165,105
38832,-145,105
38833,-145,95
38834,-150,95
38835,-140,100
38836,-155,90
38837,-160,90
38838,-170,80
38839,-175,80
38840,-165,75
38841,-165,90
38842,-165,95
38843,-150,105
38844,-145,105
38845,-145,110
38846,-135,100
38847,-130,100
38848,-135,75
38849,-130,90
38850,-155,80
38851,-145,75
38852,-145,90
38853,-145,95
38854,-140,85
38855,-130,120
38856,-120,110
38857,-120,105
38858,-130,90
38859,-130,95
38860,-130,90
38861,-145,75
38862,-155,75
38863,-155,75
38864,-160,75
38865,-150,85
38866,-160,95
38867,-155,105
38868,-140,100
38869,-130,100
38870,-130,110
38871,-125,100
38872,-140,85
38873,-160,80
38874,-160,75
38875,-170,75
38876,-165,80
38877,-155,85
38878,-150,95
38879,-160,100
38880,-155,100
38881,-145,95
38882,-150,85
38883,-150,85
38884,-160,85
38885,-155,80
38886,-165,80
38887,-170,80
38888,-170,105
38889,-170,120
38890,-155,130
38891,-150,145
38892,-140,165
38893,-125,160
38894,-120,180
38895,-110,165
38896,-110,165
38897,-100,145
38898,-110,140
38899,-125,140
38900,-100,115
38901,-105,130
38902,-90,135
38903,-65,135
38904,-45,115
38905,-20,115
38906,-5,110
38907,0,95
38908,5,75
38909,0,70
38910,-15,60
38911,-35,50
38912,-50,55
38913,-60,60
38914,-65,65
38915,-80,90
38916,-80,90
38917,-80,85
38918,-105,75
38919,-115,65
38920,-150,55
38921,-175,45
38922,-195,40
38923,-220,35
38924,-230,35
38925,-235,40
38926,-240,55
38927,-225,60
38928,-220,75
38929,-215,70
38930,-225,60
38931,-230,50
38932,-235,35
38933,-245,55
38934,-255,55
38935,-255,45
38936,-260,35
38937,-260,40
38938,-255,55
38939,-255,60
38940,-245,80
38941,-240,65
38942,-255,65
38943,-245,60
38944,-250,50
38945,-250,55
38946,-255,55
38947,-265,50
38948,-260,55
38949,-255,65
38950,-250,65
38951,-245,70
38952,-245,85
38953,-220,80
38954,-235,85
38955,-235,75
38956,-240,75
38957,-250,60
38958,-260,65
38959,-260,60
38960,-265,65
38961,-255,70
38962,-250,80
38963,-250,95
38964,-240,95
38965,-235,100
38966,-245,100
38967,-230,85
38968,-240,90
38969,-240,80
38970,-240,75
38971,-240,70
38972,-250,75
38973,-250,85
38974,-245,100
38975,-240,85
38976,-230,100
38977,-230,100
38978,-230,90
38979,-230,100
38980,-235,95
38981,-240,85
38982,-245,80
38983,-250,100
38984,-265,85
38985,-265,100
38986,-255,100
38987,-245,105
38988,-230,105
38989,-235,105
38990,-235,90
38991,-230,95
38992,-245,100
38993,-235,95
38994,-240,75
38995,-245,75
38996,-250,80
38997,-245,90
38998,-240,95
38999,-240,110
39000,-230,125
39001,-230,105
39002,-235,110
39003,-225,100
39004,-235,90
39005,-240,85
39006,-250,85
39007,-265,75
39008,-265,85
39009,-255,85
39010,-250,100
39011,-235,105
39012,-230,100
39013,-230,100
39014,-235,95
39015,-230,95
39016,-220,85
39017,-235,90
39018,-245,70
39019,-245,70
39020,-255,65
39021,-260,85
39022,-230,95
39023,-230,85
39024,-220,90
39025,-215,100
39026,-220,90
39027,-220,85
39028,-230,70
39029,-235,65
39030,-230,55
39031,-230,60
39032,-225,60
39033,-220,65
39034,-220,80
39035,-220,85
39036,-215,100
39037,-195,85
39038,-195,95
39039,-185,80
39040,-195,75
39041,-195,70
39042,-210,65
39043,-215,65
39044,-225,75
39045,-220,65
39046,-215,80
39047,-210,90
39048,-200,90
39049,-215,75
39050,-220,70
39051,-210,75
39052,-210,60
39053,-210,55
39054,-190,45
39055,-195,60
39056,-200,60
39057,-195,75
39058,-180,75
39059,-175,85
39060,-170,85
39061,-175,85
39062,-195,85
39063,-200,80
39064,-195,80
39065,-190,80
39066,-205,75
39067,-220,65
39068,-210,75
39069,-215,80
39070,-200,80
39071,-195,85
39072,-175,95
39073,-180,75
39074,-175,80
39075,-185,75
39076,-195,70
39077,-195,55
39078,-200,55
39079,-190,55
39080,-200,50
39081,-200,70
39082,-190,75
39083,-190,70
39084,-185,70
39085,-175,70
39086,-180,70
39087,-190,65
39088,-200,50
39089,-195,50
39090,-205,40
39091,-205,45
39092,-205,50
39093,-205,60
39094,-190,65
39095,-170,75
39096,-160,85
39097,-150,75
39098,-160,75
39099,-160,80
39100,-180,75
39101,-180,50
39102,-185,50
39103,-195,45
39104,-195,45
39105,-195,50
39106,-185,55
39107,-195,50
39108,-185,70
39109,-175,65
39110,-180,55
39111,-155,65
39112,-175,55
39113,-180,45
39114,-190,40
39115,-180,45
39116,-180,30
39117,-185,45
39118,-180,55
39119,-155,60
39120,-145,60
39121,-145,65
39122,-145,55
39123,-160,65
39124,-160,50
39125,-160,65
39126,-175,50
39127,-190,50
39128,-200,50
39129,-200,50
39130,-195,60
39131,-165,65
39132,-160,65
39133,-160,60
39134,-165,65
39135,-175,60
39136,-170,50
39137,-175,40
39138,-165,40
39139,-180,40
39140,-190,45
39141,-170,60
39142,-165,60
39143,-155,70
39144,-160,70
39145,-145,55
39146,-170,65
39147,-160,40
39148,-155,60
39149,-180,45
39150,-175,45
39151,-170,45
39152,-180,40
39153,-175,50
39154,-165,55
39155,-165,60
39156,-150,70
39157,-145,45
39158,-150,65
39159,-155,65
39160,-150,45
39161,-165,35
39162,-170,50
39163,-185,30
39164,-175,40
39165,-190,45
39166,-165,50
39167,-165,60
39168,-160,70
39169,-165,65
39170,-170,60
39171,-170,70
39172,-170,60
39173,-165,45
39174,-165,35
39175,-160,40
39176,-150,35
39177,-160,40
39178,-165,60
39179,-175,60
39180,-160,60
39181,-140,60
39182,-150,65
39183,-160,65
39184,-150,45
39185,-165,45
39186,-165,35
39187,-170,40
39188,-180,35
39189,-165,50
39190,-160,50
39191,-155,60
39192,-150,80
39193,-145,80
39194,-145,95
39195,-150,100
39196,-145,100
39197,-135,110
39198,-120,125
39199,-95,130
39200,-95,135
39201,-85,130
39202,-80,135
39203,-80,140
39204,-65,135
39205,-50,130
39206,-40,115
39207,-25,120
39208,-20,105
39209,-5,90
39210,10,65
39211,20,70
39212,35,70
39213,35,70
39214,50,70
39215,55,65
39216,45,80
39217,50,75
39218,35,65
39219,20,65
39220,0,65
39221,-15,60
39222,-50,50
39223,-65,35
39224,-90,30
39225,-110,40
39226,-130,40
39227,-155,45
39228,-170,55
39229,-160,50
39230,-170,45
39231,-155,45
39232,-155,35
39233,-150,30
39234,-160,15
39235,-180,5
39236,-180,15
39237,-185,20
39238,-180,40
39239,-165,40
39240,-155,50
39241,-160,50
39242,-170,45
39243,-170,35
39244,-180,30
39245,-185,25
39246,-190,20
39247,-190,25
39248,-190,40
39249,-190,60
39250,-180,80
39251,-185,100
39252,-185,130
39253,-205,155
39254,-250,145
39255,-310,140
39256,-365,90
39257,-385,35
39258,-290,-15
39259,-90,-70
39260,220,-135
39261,625,-130
39262,1 040 000,-115
39263,1 425 000,-100
39264,1 695 000,-65
39265,1 740 000,-70
39266,1 495 000,-90
39267,1 025 000,-100
39268,475,-120
39269,15,-95
39270,-275,-90
39271,-395,-60
39272,-385,-55
39273,-330,-45
39274,-255,-45
39275,-215,-30
39276,-175,-10
39277,-180,15
39278,-210,35
39279,-215,45
39280,-235,65
39281,-230,65
39282,-230,60
39283,-235,70
39284,-235,80
39285,-245,75
39286,-255,80
39287,-250,80
39288,-250,105
39289,-245,90
39290,-240,100
39291,-240,90
39292,-230,80
39293,-230,75
39294,-230,65
39295,-230,75
39296,-240,70
39297,-250,75
39298,-265,80
39299,-280,75
39300,-265,90
39301,-260,95
39302,-245,95
39303,-240,90
39304,-235,90
39305,-235,75
39306,-245,65
39307,-255,70
39308,-265,70
39309,-270,70
39310,-255,70
39311,-225,85
39312,-210,100
39313,-200,85
39314,-210,80
39315,-215,85
39316,-235,80
39317,-240,70
39318,-235,65
39319,-230,60
39320,-220,60
39321,-210,65
39322,-210,75
39323,-205,80
39324,-220,90
39325,-215,95
39326,-215,80
39327,-215,85
39328,-200,80
39329,-195,75
39330,-195,75
39331,-210,55
39332,-225,70
39333,-225,75
39334,-210,80
39335,-180,85
39336,-150,95
39337,-140,105
39338,-140,85
39339,-140,90
39340,-140,90
39341,-165,90
39342,-170,80
39343,-170,80
39344,-165,75
39345,-160,75
39346,-140,85
39347,-125,80
39348,-110,85
39349,-95,90
39350,-95,85
39351,-110,90
39352,-115,80
39353,-110,80
39354,-100,70
39355,-80,75
39356,-75,85
39357,-70,75
39358,-65,95
39359,-50,90
39360,-65,95
39361,-55,105
39362,-45,90
39363,-30,85
39364,-15,85
39365,0,75
39366,5,80
39367,10,75
39368,20,80
39369,10,90
39370,35,100
39371,40,95
39372,50,105
39373,45,100
39374,65,90
39375,65,75
39376,75,75
39377,100,70
39378,115,70
39379,125,65
39380,130,65
39381,130,70
39382,125,70
39383,145,80
39384,150,85
39385,155,90
39386,155,75
39387,175,75
39388,175,70
39389,180,70
39390,175,50
39391,175,45
39392,185,40
39393,170,40
39394,195,40
39395,205,55
39396,235,50
39397,235,50
39398,250,45
39399,245,55
39400,235,30
39401,215,30
39402,215,30
39403,205,30
39404,190,35
39405,185,35
39406,185,45
39407,180,40
39408,170,45
39409,155,60
39410,135,50
39411,100,40
39412,65,45
39413,30,25
39414,20,25
39415,15,20
39416,15,30
39417,5,45
39418,0,40
39419,-10,55
39420,-20,50
39421,-25,60
39422,-40,65
39423,-50,60
39424,-45,65
39425,-70,45
39426,-85,50
39427,-105,55
39428,-125,45
39429,-150,50
39430,-150,60
39431,-135,70
39432,-125,85
39433,-105,85
39434,-110,85
39435,-105,75
39436,-115,70
39437,-120,70
39438,-140,60
39439,-150,55
39440,-150,65
39441,-140,65
39442,-135,70
39443,-135,90
39444,-120,95
39445,-125,100
39446,-115,105
39447,-120,95
39448,-120,85
39449,-130,90
39450,-125,70
39451,-130,80
39452,-135,85
39453,-130,85
39454,-130,90
39455,-125,90
39456,-130,100
39457,-115,95
39458,-110,90
39459,-125,95
39460,-110,80
39461,-125,80
39462,-135,80
39463,-135,70
39464,-120,75
39465,-125,75
39466,-120,85
39467,-100,90
39468,-105,90
39469,-95,95
39470,-110,100
39471,-110,100
39472,-120,75
39473,-120,75
39474,-110,70
39475,-135,65
39476,-130,60
39477,-130,80
39478,-125,85
39479,-125,100
39480,-115,120
39481,-105,105
39482,-110,105
39483,-105,110
39484,-100,100
39485,-110,115
39486,-125,115
39487,-115,125
39488,-115,135
39489,-105,130
39490,-90,150
39491,-80,140
39492,-60,145
39493,-45,135
39494,-50,125
39495,-50,125
39496,-60,115
39497,-50,90
39498,-45,80
39499,-30,75
39500,-5,60
39501,10,55
39502,25,60
39503,25,65
39504,20,75
39505,15,65
39506,5,60
39507,-5,55
39508,-15,45
39509,-35,50
39510,-45,55
39511,-70,50
39512,-80,55
39513,-110,50
39514,-120,60
39515,-130,45
39516,-145,50
39517,-160,55
39518,-185,50
39519,-190,30
39520,-220,40
39521,-215,25
39522,-230,30
39523,-250,45
39524,-235,25
39525,-235,30
39526,-245,35
39527,-245,50
39528,-260,50
39529,-245,55
39530,-235,65
39531,-240,45
39532,-250,45
39533,-255,25
39534,-270,25
39535,-270,25
39536,-275,25
39537,-270,35
39538,-265,35
39539,-265,50
39540,-270,50
39541,-260,50
39542,-260,60
39543,-250,60
39544,-260,50
39545,-265,50
39546,-280,40
39547,-285,35
39548,-270,35
39549,-280,25
39550,-285,45
39551,-265,50
39552,-260,60
39553,-255,60
39554,-265,45
39555,-260,50
39556,-260,35
39557,-265,35
39558,-270,35
39559,-270,40
39560,-280,45
39561,-285,45
39562,-275,55
39563,-275,60
39564,-255,65
39565,-255,80
39566,-260,70
39567,-255,65
39568,-260,60
39569,-265,45
39570,-280,35
39571,-280,35
39572,-270,50
39573,-270,50
39574,-265,60
39575,-265,55
39576,-265,70
39577,-250,60
39578,-260,65
39579,-255,65
39580,-265,60
39581,-260,35
39582,-275,30
39583,-285,45
39584,-285,40
39585,-285,35
39586,-295,45
39587,-285,45
39588,-285,55
39589,-275,45
39590,-280,45
39591,-280,45
39592,-270,35
39593,-280,25
39594,-285,20
39595,-290,20
39596,-285,25
39597,-285,25
39598,-275,35
39599,-265,25
39600,-255,40
39601,-250,45
39602,-260,45
39603,-265,35
39604,-270,35
39605,-280,30
39606,-270,30
39607,-285,15
39608,-275,25
39609,-285,25
39610,-265,30
39611,-265,30
39612,-250,35
39613,-250,30
39614,-255,35
39615,-255,35
39616,-260,25
39617,-265,25
39618,-270,20
39619,-280,20
39620,-275,15
39621,-275,20
39622,-275,35
39623,-255,35
39624,-255,25
39625,-250,40
39626,-250,30
39627,-245,25
39628,-250,30
39629,-260,20
39630,-265,10
39631,-265,0
39632,-260,10
39633,-265,20
39634,-255,15
39635,-250,25
39636,-255,20
39637,-250,35
39638,-250,25
39639,-245,10
39640,-245,10
39641,-255,5
39642,-260,-10
39643,-260,0
39644,-260,0
39645,-255,5
39646,-240,5
39647,-240,20
39648,-245,30
39649,-245,25
39650,-250,15
39651,-240,20
39652,-245,15
39653,-240,15
39654,-255,5
39655,-250,10
39656,-255,5
39657,-250,10
39658,-245,20
39659,-230,30
39660,-225,20
39661,-225,25
39662,-215,30
39663,-220,10
39664,-225,10
39665,-225,0
39666,-225,0
39667,-250,5
39668,-245,5
39669,-250,0
39670,-240,15
39671,-235,25
39672,-230,30
39673,-215,30
39674,-225,20
39675,-220,25
39676,-215,10
39677,-225,0
39678,-230,-5
39679,-235,0
39680,-245,-5
39681,-230,-5
39682,-230,10
39683,-220,10
39684,-210,15
39685,-205,15
39686,-210,20
39687,-205,20
39688,-210,10
39689,-220,0
39690,-210,0
39691,-215,5
39692,-220,0
39693,-220,0
39694,-210,5
39695,-225,5
39696,-200,20
39697,-185,15
39698,-200,15
39699,-195,15
39700,-210,5
39701,-205,10
39702,-225,-5
39703,-225,0
39704,-205,0
39705,-220,-5
39706,-210,5
39707,-195,5
39708,-205,15
39709,-185,15
39710,-185,10
39711,-190,10
39712,-185,0
39713,-190,5
39714,-200,-5
39715,-215,0
39716,-205,-5
39717,-210,5
39718,-205,5
39719,-190,10
39720,-175,15
39721,-175,20
39722,-180,10
39723,-175,15
39724,-195,0
39725,-205,-10
39726,-195,0
39727,-200,-15
39728,-210,-5
39729,-205,0
39730,-205,10
39731,-200,20
39732,-195,30
39733,-195,25
39734,-190,20
39735,-190,20
39736,-200,15
39737,-190,10
39738,-200,5
39739,-205,10
39740,-200,0
39741,-205,15
39742,-205,15
39743,-200,25
39744,-195,25
39745,-185,30
39746,-190,30
39747,-180,15
39748,-190,25
39749,-180,20
39750,-190,10
39751,-190,0
39752,-190,15
39753,-195,5
39754,-200,30
39755,-180,20
39756,-170,30
39757,-165,30
39758,-180,35
39759,-175,20
39760,-190,15
39761,-185,15
39762,-190,20
39763,-185,5
39764,-190,15
39765,-190,20
39766,-190,15
39767,-180,25
39768,-180,35
39769,-165,45
39770,-165,30
39771,-165,35
39772,-160,25
39773,-165,25
39774,-175,15
39775,-180,5
39776,-190,15
39777,-190,15
39778,-170,20
39779,-185,30
39780,-170,30
39781,-160,35
39782,-155,30
39783,-150,35
39784,-155,15
39785,-165,15
39786,-175,20
39787,-170,25
39788,-170,45
39789,-165,55
39790,-160,80
39791,-145,100
39792,-130,120
39793,-110,135
39794,-110,125
39795,-100,120
39796,-95,110
39797,-105,100
39798,-90,85
39799,-100,80
39800,-90,70
39801,-75,70
39802,-60,55
39803,-40,50
39804,-15,50
39805,20,40
39806,45,35
39807,45,35
39808,35,25
39809,35,25
39810,25,5
39811,5,-5
39812,0,15
39813,-20,10
39814,-20,20
39815,-30,30
39816,-35,45
39817,-45,35
39818,-75,20
39819,-85,25
39820,-95,5
39821,-125,20
39822,-140,-5
39823,-160,-5
39824,-160,-5
39825,-170,10
39826,-180,5
39827,-170,25
39828,-170,20
39829,-165,20
39830,-170,20
39831,-175,15
39832,-180,10
39833,-200,5
39834,-195,10
39835,-205,10
39836,-210,5
39837,-220,5
39838,-205,20
39839,-205,30
39840,-185,40
39841,-185,45
39842,-185,45
39843,-185,30
39844,-185,40
39845,-190,45
39846,-195,35
39847,-210,65
39848,-220,95
39849,-225,120
39850,-260,145
39851,-295,160
39852,-360,140
39853,-410,135
39854,-445,85
39855,-400,35
39856,-250,-5
39857,15,-60
39858,350,-100
39859,735,-125
39860,1 125 000,-155
39861,1 445 000,-175
39862,1 665 000,-195
39863,1 710 000,-225
39864,1 540 000,-255
39865,1 160 000,-260
39866,690,-260
39867,275,-220
39868,-5,-210
39869,-140,-175
39870,-180,-140
39871,-145,-105
39872,-110,-85
39873,-85,-65
39874,-85,-35
39875,-95,-5
39876,-140,25
39877,-175,50
39878,-210,75
39879,-230,85
39880,-230,95
39881,-225,85
39882,-225,80
39883,-240,75
39884,-245,85
39885,-250,85
39886,-260,100
39887,-265,110
39888,-260,110
39889,-255,110
39890,-255,115
39891,-265,120
39892,-270,110
39893,-270,105
39894,-290,100
39895,-290,105
39896,-285,100
39897,-290,100
39898,-285,115
39899,-280,110
39900,-275,125
39901,-275,120
39902,-265,120
39903,-260,110
39904,-270,100
39905,-275,90
39906,-285,105
39907,-295,100
39908,-295,105
39909,-290,120
39910,-285,115
39911,-275,115
39912,-280,125
39913,-260,125
39914,-275,120
39915,-270,120
39916,-270,120
39917,-275,110
39918,-270,105
39919,-285,115
39920,-280,110
39921,-260,130
39922,-265,125
39923,-245,135
39924,-245,140
39925,-245,130
39926,-235,140
39927,-235,140
39928,-235,125
39929,-240,130
39930,-240,115
39931,-240,125
39932,-240,130
39933,-240,130
39934,-235,135
39935,-225,150
39936,-215,150
39937,-205,155
39938,-200,155
39939,-195,150
39940,-185,140
39941,-200,135
39942,-200,120
39943,-195,125
39944,-190,125
39945,-185,135
39946,-200,145
39947,-175,145
39948,-150,160
39949,-155,165
39950,-135,160
39951,-145,155
39952,-150,150
39953,-145,160
39954,-135,150
39955,-140,160
39956,-135,155
39957,-125,170
39958,-105,175
39959,-100,190
39960,-95,200
39961,-85,210
39962,-90,205
39963,-75,215
39964,-55,210
39965,-55,210
39966,-45,205
39967,-35,200
39968,-25,205
39969,-30,215
39970,-15,230
39971,5,235
39972,20,245
39973,30,230
39974,35,235
39975,50,240
39976,50,240
39977,60,215
39978,55,220
39979,60,220
39980,55,225
39981,65,220
39982,70,225
39983,85,215
39984,105,225
39985,105,230
39986,130,220
39987,125,220
39988,125,200
39989,125,195
39990,130,175
39991,110,170
39992,110,155
39993,125,160
39994,130,155
39995,145,160
39996,160,165
39997,175,160
39998,170,155
39999,165,145
40000,155,135
40001,140,120
40002,135,110
40003,110,105
40004,100,105
40005,95,100
40006,100,105
40007,90,105
40008,90,115
40009,100,115
40010,75,105
40011,65,105
40012,55,90
40013,45,90
40014,5,70
40015,-20,80
40016,-35,80
40017,-50,85
40018,-50,90
40019,-50,95
40020,-55,115
40021,-55,100
40022,-65,105
40023,-90,105
40024,-100,105
40025,-110,100
40026,-115,95
40027,-125,105
40028,-115,100
40029,-120,105
40030,-110,110
40031,-120,115
40032,-110,115
40033,-100,120
40034,-105,115
40035,-95,120
40036,-90,110
40037,-105,100
40038,-110,90
40039,-120,95
40040,-140,90
40041,-140,105
40042,-130,120
40043,-140,120
40044,-110,115
40045,-110,115
40046,-100,115
40047,-95,120
40048,-105,110
40049,-110,105
40050,-120,90
40051,-130,85
40052,-120,95
40053,-125,100
40054,-130,105
40055,-120,120
40056,-95,125
40057,-95,130
40058,-90,130
40059,-95,130
40060,-95,115
40061,-125,110
40062,-115,105
40063,-140,105
40064,-125,100
40065,-125,130
40066,-115,115
40067,-110,125
40068,-105,125
40069,-100,120
40070,-105,105
40071,-110,115
40072,-110,105
40073,-120,110
40074,-130,105
40075,-135,105
40076,-130,95
40077,-125,100
40078,-130,120
40079,-130,125
40080,-130,135
40081,-125,145
40082,-115,145
40083,-115,155
40084,-115,165
40085,-110,170
40086,-105,170
40087,-110,165
40088,-115,165
40089,-125,185
40090,-110,190
40091,-105,190
40092,-95,185
40093,-70,180
40094,-65,155
40095,-55,155
40096,-40,150
40097,-20,130
40098,-15,120
40099,-10,110
40100,5,100
40101,15,100
40102,25,110
40103,15,100
40104,0,95
40105,5,95
40106,-5,85
40107,-20,85
40108,-35,80
40109,-45,90
40110,-45,85
40111,-65,95
40112,-85,95
40113,-95,75
40114,-110,85
40115,-135,85
40116,-150,85
40117,-160,90
40118,-180,80
40119,-200,80
40120,-200,70
40121,-195,70
40122,-205,60
40123,-235,55
40124,-245,50
40125,-245,65
40126,-250,65
40127,-240,70
40128,-235,80
40129,-215,70
40130,-225,75
40131,-220,75
40132,-240,70
40133,-245,60
40134,-250,45
40135,-260,55
40136,-250,55
40137,-235,50
40138,-225,65
40139,-230,75
40140,-225,85
40141,-250,85
40142,-245,75
40143,-235,80
40144,-235,70
40145,-250,70
40146,-245,65
40147,-245,65
40148,-265,65
40149,-260,60
40150,-255,70
40151,-245,75
40152,-245,90
40153,-255,85
40154,-245,85
40155,-255,80
40156,-255,65
40157,-260,60
40158,-260,55
40159,-265,65
40160,-265,65
40161,-260,70
40162,-260,75
40163,-245,85
40164,-240,100
40165,-225,95
40166,-220,105
40167,-225,85
40168,-255,80
40169,-240,80
40170,-255,70
40171,-260,70
40172,-270,75
40173,-275,75
40174,-265,80
40175,-260,95
40176,-265,90
40177,-255,95
40178,-260,100
40179,-255,95
40180,-225,85
40181,-240,80
40182,-240,75
40183,-245,65
40184,-255,70
40185,-260,80
40186,-270,80
40187,-255,95
40188,-245,105
40189,-250,95
40190,-235,110
40191,-240,90
40192,-235,80
40193,-240,75
40194,-245,80
40195,-265,80
40196,-265,75
40197,-255,75
40198,-255,75
40199,-245,75
40200,-240,90
40201,-225,100
40202,-235,90
40203,-250,95
40204,-255,70
40205,-265,85
40206,-260,75
40207,-270,65
40208,-275,50
40209,-260,75
40210,-260,65
40211,-245,75
40212,-240,85
40213,-235,80
40214,-245,80
40215,-245,75
40216,-260,75
40217,-280,70
40218,-285,55
40219,-285,50
40220,-270,50
40221,-265,55
40222,-240,70
40223,-225,75
40224,-230,90
40225,-225,90
40226,-245,85
40227,-235,80
40228,-240,80
40229,-240,55
40230,-240,50
40231,-245,60
40232,-250,55
40233,-250,60
40234,-245,55
40235,-235,80
40236,-225,80
40237,-220,85
40238,-215,80
40239,-240,60
40240,-250,60
40241,-255,65
40242,-255,50
40243,-245,60
40244,-230,65
40245,-220,60
40246,-220,70
40247,-215,65
40248,-225,70
40249,-215,65
40250,-220,70
40251,-220,75
40252,-235,55
40253,-235,45
40254,-250,40
40255,-255,45
40256,-235,40
40257,-225,50
40258,-220,55
40259,-200,50
40260,-205,70
40261,-195,70
40262,-185,70
40263,-190,70
40264,-220,65
40265,-215,50
40266,-225,45
40267,-240,45
40268,-240,50
40269,-250,50
40270,-240,65
40271,-230,65
40272,-220,70
40273,-190,70
40274,-175,70
40275,-175,65
40276,-175,50
40277,-185,65
40278,-195,50
40279,-210,55
40280,-225,55
40281,-215,50
40282,-215,55
40283,-195,65
40284,-190,75
40285,-190,80
40286,-195,70
40287,-200,55
40288,-190,55
40289,-185,50
40290,-180,50
40291,-185,60
40292,-180,55
40293,-195,55
40294,-200,60
40295,-205,60
40296,-200,55
40297,-185,65
40298,-170,55
40299,-150,55
40300,-155,45
40301,-155,45
40302,-170,40
40303,-185,45
40304,-190,25
40305,-195,40
40306,-200,45
40307,-190,55
40308,-165,70
40309,-160,60
40310,-165,55
40311,-175,55
40312,-180,60
40313,-185,45
40314,-195,40
40315,-205,35
40316,-210,45
40317,-200,45
40318,-200,40
40319,-185,65
40320,-170,65
40321,-155,70
40322,-145,80
40323,-160,70
40324,-150,50
40325,-175,55
40326,-185,40
40327,-200,40
40328,-195,40
40329,-180,45
40330,-180,55
40331,-160,50
40332,-160,55
40333,-165,60
40334,-175,60
40335,-185,55
40336,-190,50
40337,-160,50
40338,-155,55
40339,-155,45
40340,-155,45
40341,-160,55
40342,-160,55
40343,-155,60
40344,-150,70
40345,-150,80
40346,-150,75
40347,-165,65
40348,-170,60
40349,-165,65
40350,-160,50
40351,-155,45
40352,-145,60
40353,-150,55
40354,-140,50
40355,-150,60
40356,-150,60
40357,-155,70
40358,-155,65
40359,-155,70
40360,-150,55
40361,-155,50
40362,-155,45
40363,-150,50
40364,-150,45
40365,-155,50
40366,-165,65
40367,-145,70
40368,-160,55
40369,-135,65
40370,-140,65
40371,-125,70
40372,-145,55
40373,-145,60
40374,-145,55
40375,-130,50
40376,-140,50
40377,-135,55
40378,-140,70
40379,-145,60
40380,-135,65
40381,-125,75
40382,-120,80
40383,-120,75
40384,-120,70
40385,-125,70
40386,-120,65
40387,-140,70
40388,-130,80
40389,-130,100
40390,-120,120
40391,-115,140
40392,-100,155
40393,-80,155
40394,-70,140
40395,-65,145
40396,-60,120
40397,-50,105
40398,-45,105
40399,-55,90
40400,-50,100
40401,-30,95
40402,-10,105
40403,20,85
40404,45,90
40405,80,90
40406,85,75
40407,65,75
40408,55,65
40409,35,55
40410,15,50
40411,15,40
40412,5,40
40413,-5,55
40414,-40,60
40415,-40,70
40416,-40,65
40417,-50,40
40418,-80,45
40419,-105,40
40420,-135,25
40421,-135,15
40422,-170,20
40423,-175,5
40424,-165,10
40425,-170,20
40426,-165,10
40427,-170,15
40428,-170,25
40429,-170,25
40430,-165,20
40431,-155,30
40432,-160,20
40433,-170,20
40434,-170,15
40435,-190,5
40436,-195,10
40437,-190,20
40438,-190,25
40439,-180,30
40440,-175,55
40441,-170,55
40442,-155,55
40443,-175,70
40444,-190,80
40445,-180,90
40446,-200,120
40447,-225,125
40448,-280,120
40449,-335,120
40450,-375,85
40451,-350,35
40452,-225,-15
40453,35,-55
40454,400,-95
40455,825,-100
40456,1 235 000,-95
40457,1 550 000,-95
40458,1 660 000,-90
40459,1 460 000,-115
40460,1 010 000,-120
40461,450,-125
40462,-10,-100
40463,-325,-55
40464,-450,-50
40465,-445,-45
40466,-385,-45
40467,-315,-65
40468,-265,-45
40469,-240,-40
40470,-240,-10
40471,-245,15
40472,-260,45
40473,-265,60
40474,-245,75
40475,-245,70
40476,-250,60
40477,-255,60
40478,-250,65
40479,-240,60
40480,-255,45
40481,-265,55
40482,-280,35
40483,-275,45
40484,-285,45
40485,-290,55
40486,-285,65
40487,-280,80
40488,-270,80
40489,-255,75
40490,-260,85
40491,-260,70
40492,-260,50
40493,-270,55
40494,-280,55
40495,-285,40
40496,-280,50
40497,-290,40
40498,-275,60
40499,-270,65
40500,-255,70
40501,-250,60
40502,-260,65
40503,-250,55
40504,-255,55
40505,-265,60
40506,-260,45
40507,-265,35
40508,-260,50
40509,-255,50
40510,-260,45
40511,-255,65
40512,-245,75
40513,-250,65
40514,-240,65
40515,-240,55
40516,-250,55
40517,-255,55
40518,-245,55
40519,-245,30
40520,-255,40
40521,-245,45
40522,-230,55
40523,-230,60
40524,-215,70
40525,-215,65
40526,-210,60
40527,-210,60
40528,-215,55
40529,-205,50
40530,-205,60
40531,-205,50
40532,-210,50
40533,-195,55
40534,-205,70
40535,-200,80
40536,-180,85
40537,-160,85
40538,-165,90
40539,-160,85
40540,-150,75
40541,-145,70
40542,-160,75
40543,-160,70
40544,-160,75
40545,-155,95
40546,-140,95
40547,-135,100
40548,-120,115
40549,-110,125
40550,-120,115
40551,-105,110
40552,-100,115
40553,-105,115
40554,-105,120
40555,-100,125
40556,-95,120
40557,-80,130
40558,-75,140
40559,-65,140
40560,-45,145
40561,-35,150
40562,-30,155
40563,-35,150
40564,-20,155
40565,-15,135
40566,-15,140
40567,-25,130
40568,-20,125
40569,-5,130
40570,-5,135
40571,5,125
40572,20,130
40573,25,145
40574,35,130
40575,40,135
40576,55,115
40577,40,105
40578,60,110
40579,45,100
40580,60,95
40581,55,90
40582,80,95
40583,90,90
40584,95,105
40585,110,105
40586,115,85
40587,135,80
40588,140,70
40589,145,70
40590,140,50
40591,145,50
40592,150,30
40593,140,55
40594,140,40
40595,145,45
40596,145,40
40597,150,45
40598,140,40
40599,135,25
40600,130,20
40601,125,20
40602,105,10
40603,90,-5
40604,80,0
40605,70,5
40606,55,20
40607,30,10
40608,15,20
40609,25,30
40610,10,15
40611,5,20
40612,-20,15
40613,-45,-10
40614,-55,0
40615,-80,-5
40616,-100,0
40617,-100,0
40618,-115,5
40619,-110,20
40620,-115,20
40621,-120,25
40622,-110,20
40623,-115,20
40624,-120,25
40625,-150,0
40626,-135,5
40627,-150,0
40628,-155,5
40629,-160,5
40630,-170,15
40631,-150,15
40632,-150,20
40633,-155,25
40634,-145,30
40635,-145,30
40636,-155,20
40637,-145,15
40638,-160,15
40639,-160,0
40640,-165,10
40641,-160,20
40642,-170,25
40643,-165,20
40644,-160,35
40645,-140,30
40646,-140,30
40647,-150,35
40648,-145,25
40649,-140,20
40650,-150,20
40651,-150,10
40652,-160,20
40653,-155,5
40654,-145,10
40655,-135,30
40656,-125,20
40657,-145,15
40658,-130,25
40659,-135,35
40660,-115,20
40661,-130,0
40662,-130,-5
40663,-140,-5
40664,-145,0
40665,-135,10
40666,-140,20
40667,-135,20
40668,-130,25
40669,-125,30
40670,-120,25
40671,-115,30
40672,-125,20
40673,-135,15
40674,-135,5
40675,-165,5
40676,-160,0
40677,-165,15
40678,-160,20
40679,-155,30
40680,-150,40
40681,-140,50
40682,-135,60
40683,-150,70
40684,-125,85
40685,-130,85
40686,-125,90
40687,-135,80
40688,-135,95
40689,-125,95
40690,-120,95
40691,-125,110
40692,-95,90
40693,-80,100
40694,-75,95
40695,-70,90
40696,-60,70
40697,-55,50
40698,-50,35
40699,-25,45
40700,-10,35
40701,-10,15
40702,5,25
40703,0,15
40704,5,20
40705,-10,10
40706,-10,15
40707,-35,10
40708,-50,10
40709,-65,15
40710,-80,10
40711,-95,15
40712,-120,-5
40713,-140,5
40714,-155,0
40715,-165,-5
40716,-190,5
40717,-200,5
40718,-205,15
40719,-215,15
40720,-230,0
40721,-240,-5
40722,-245,-15
40723,-265,-30
40724,-265,-25
40725,-270,-20
40726,-265,-5
40727,-260,-5
40728,-250,-5
40729,-255,5
40730,-245,5
40731,-250,-5
40732,-260,0
40733,-265,5
40734,-265,0
40735,-275,-15
40736,-285,-10
40737,-280,0
40738,-280,0
40739,-285,10
40740,-280,5
40741,-260,10
40742,-265,25
40743,-265,10
40744,-270,5
40745,-275,-5
40746,-270,-5
40747,-285,-5
40748,-285,-5
40749,-280,-5
40750,-270,5
40751,-275,15
40752,-265,25
40753,-260,20
40754,-255,25
40755,-255,25
40756,-270,25
40757,-270,15
40758,-285,5
40759,-280,0
40760,-275,0
40761,-280,15
40762,-290,25
40763,-275,30
40764,-270,40
40765,-260,40
40766,-260,35
40767,-260,40
40768,-265,30
40769,-275,25
40770,-285,20
40771,-280,15
40772,-290,15
40773,-275,10
40774,-280,25
40775,-275,25
40776,-280,45
40777,-275,45
40778,-270,40
40779,-280,40
40780,-275,30
40781,-285,30
40782,-290,20
40783,-295,0
40784,-295,20
40785,-295,20
40786,-300,15
40787,-290,20
40788,-280,35
40789,-275,30
40790,-280,25
40791,-280,45
40792,-280,30
40793,-285,20
40794,-285,15
40795,-275,10
40796,-285,5
40797,-285,20
40798,-285,20
40799,-275,30
40800,-275,30
40801,-265,35
40802,-270,35
40803,-270,45
40804,-260,25
40805,-265,20
40806,-270,30
40807,-280,10
40808,-290,30
40809,-280,25
40810,-270,45
40811,-265,40
40812,-260,40
40813,-255,50
40814,-255,55
40815,-260,45
40816,-255,30
40817,-265,40
40818,-265,15
40819,-270,20
40820,-290,20
40821,-285,15
40822,-275,25
40823,-255,35
40824,-260,45
40825,-250,50
40826,-245,50
40827,-255,50
40828,-250,35
40829,-245,30
40830,-255,20
40831,-270,15
40832,-260,25
40833,-260,15
40834,-265,30
40835,-260,35
40836,-255,45
40837,-255,45
40838,-265,40
40839,-240,25
40840,-245,25
40841,-245,35
40842,-245,20
40843,-255,20
40844,-260,15
40845,-265,25
40846,-260,30
40847,-250,40
40848,-260,50
40849,-245,45
40850,-230,50
40851,-235,55
40852,-235,50
40853,-245,35
40854,-240,30
40855,-255,25
40856,-260,20
40857,-260,35
40858,-260,40
40859,-255,35
40860,-245,55
40861,-235,55
40862,-235,60
40863,-235,55
40864,-230,45
40865,-235,50
40866,-235,30
40867,-245,35
40868,-245,35
40869,-245,40
40870,-245,50
40871,-230,50
40872,-225,65
40873,-230,70
40874,-215,65
40875,-235,60
40876,-235,55
40877,-230,55
40878,-230,45
40879,-255,40
40880,-245,45
40881,-250,35
40882,-240,55
40883,-235,50
40884,-230,70
40885,-225,50
40886,-240,40
40887,-215,60
40888,-210,55
40889,-220,40
40890,-220,35
40891,-220,30
40892,-230,35
40893,-230,35
40894,-230,35
40895,-215,45
40896,-210,55
40897,-195,55
40898,-205,55
40899,-200,60
40900,-200,50
40901,-215,40
40902,-215,35
40903,-210,30
40904,-225,35
40905,-215,25
40906,-225,50
40907,-220,50
40908,-225,55
40909,-210,65
40910,-200,55
40911,-205,55
40912,-205,50
40913,-215,40
40914,-225,40
40915,-230,35
40916,-235,35
40917,-225,30
40918,-220,35
40919,-215,45
40920,-210,50
40921,-195,55
40922,-195,60
40923,-200,35
40924,-200,40
40925,-205,30
40926,-205,25
40927,-215,25
40928,-225,30
40929,-220,40
40930,-215,45
40931,-220,60
40932,-200,55
40933,-185,70
40934,-190,70
40935,-190,65
40936,-185,60
40937,-190,45
40938,-210,60
40939,-205,55
40940,-210,55
40941,-210,45
40942,-210,55
40943,-205,55
40944,-195,55
40945,-185,65
40946,-180,70
40947,-185,65
40948,-185,60
40949,-195,55
40950,-200,55
40951,-205,55
40952,-210,55
40953,-220,55
40954,-215,60
40955,-210,65
40956,-210,65
40957,-195,75
40958,-195,75
40959,-200,85
40960,-200,75
40961,-215,75
40962,-205,65
40963,-205,65
40964,-205,65
40965,-195,60
40966,-195,70
40967,-195,70
40968,-185,85
40969,-180,80
40970,-180,85
40971,-190,85
40972,-185,80
40973,-195,80
40974,-200,75
40975,-200,75
40976,-200,75
40977,-195,75
40978,-200,80
40979,-190,90
40980,-180,90
40981,-165,80
40982,-170,95
40983,-175,95
40984,-175,105
40985,-180,105
40986,-185,115
40987,-190,110
40988,-175,120
40989,-170,125
40990,-155,155
40991,-135,175
40992,-130,175
40993,-110,190
40994,-95,185
40995,-95,185
40996,-90,165
40997,-100,145
40998,-85,120
40999,-85,95
41000,-70,95
41001,-50,90
41002,-25,95
41003,0,110
41004,25,105
41005,35,105
41006,40,90
41007,35,90
41008,20,75
41009,5,70
41010,-10,70
41011,-35,60
41012,-40,75
41013,-50,90
41014,-65,95
41015,-70,75
41016,-80,75
41017,-100,75
41018,-110,70
41019,-140,65
41020,-155,65
41021,-180,50
41022,-190,50
41023,-205,30
41024,-205,30
41025,-215,50
41026,-210,55
41027,-195,60
41028,-205,55
41029,-200,60
41030,-205,55
41031,-215,60
41032,-210,60
41033,-225,55
41034,-210,40
41035,-225,35
41036,-235,35
41037,-225,45
41038,-235,65
41039,-230,70
41040,-220,80
41041,-215,85
41042,-210,95
41043,-210,100
41044,-215,135
41045,-235,165
41046,-260,175
41047,-320,180
41048,-390,170
41049,-450,160
41050,-505,130
41051,-465,100
41052,-320,50
41053,-30,0
41054,340,-40
41055,760,-80
41056,1 200 000,-125
41057,1 545 000,-170
41058,1 780 000,-220
41059,1 780 000,-260
41060,1 535 000,-270
41061,1 085 000,-270
41062,580,-260
41063,180,-220
41064,-55,-165
41065,-160,-120
41066,-155,-65
41067,-110,-45
41068,-55,-25
41069,-40,-25
41070,-50,-10
41071,-95,20
41072,-155,45
41073,-220,70
41074,-235,100
41075,-245,130
41076,-245,135
41077,-240,125
41078,-230,115
41079,-240,130
41080,-240,120
41081,-250,100
41082,-265,95
41083,-275,105
41084,-295,110
41085,-300,110
41086,-310,125
41087,-310,130
41088,-310,135
41089,-295,140
41090,-290,140
41091,-295,130
41092,-290,140
41093,-290,125
41094,-290,130
41095,-285,110
41096,-305,105
41097,-300,120
41098,-290,125
41099,-300,125
41100,-310,140
41101,-305,140
41102,-295,140
41103,-295,125
41104,-280,125
41105,-275,125
41106,-265,130
41107,-275,115
41108,-275,120
41109,-285,125
41110,-290,135
41111,-280,140
41112,-285,140
41113,-275,145
41114,-255,155
41115,-255,145
41116,-245,140
41117,-260,125
41118,-255,135
41119,-265,120
41120,-265,120
41121,-270,120
41122,-265,135
41123,-265,135
41124,-255,140
41125,-250,140
41126,-250,135
41127,-240,130
41128,-230,155
41129,-230,140
41130,-230,130
41131,-215,120
41132,-215,135
41133,-225,135
41134,-225,145
41135,-200,150
41136,-205,150
41137,-200,165
41138,-200,145
41139,-195,150
41140,-185,145
41141,-185,140
41142,-185,130
41143,-180,130
41144,-185,110
41145,-195,125
41146,-180,145
41147,-165,155
41148,-140,160
41149,-125,165
41150,-95,160
41151,-95,170
41152,-115,165
41153,-130,155
41154,-125,170
41155,-125,150
41156,-125,165
41157,-100,155
41158,-85,170
41159,-70,160
41160,-45,175
41161,-30,175
41162,-20,175
41163,0,170
41164,5,160
41165,-5,165
41166,-5,155
41167,-5,145
41168,5,150
41169,25,155
41170,45,170
41171,60,170
41172,85,165
41173,110,175
41174,125,170
41175,125,160
41176,125,155
41177,125,140
41178,135,135
41179,130,135
41180,130,135
41181,135,130
41182,135,145
41183,150,135
41184,155,140
41185,170,140
41186,180,135
41187,180,135
41188,190,130
41189,180,120
41190,180,100
41191,175,105
41192,180,95
41193,160,105
41194,175,95
41195,175,95
41196,170,105
41197,165,95
41198,165,90
41199,160,75
41200,160,75
41201,160,70
41202,155,70
41203,145,50
41204,120,60
41205,95,60
41206,85,60
41207,75,75
41208,55,75
41209,45,90
41210,35,90
41211,15,80
41212,-5,70
41213,-25,65
41214,-40,55
41215,-60,55
41216,-80,60
41217,-95,55
41218,-105,70
41219,-125,65
41220,-110,85
41221,-105,95
41222,-95,90
41223,-105,90
41224,-115,85
41225,-125,85
41226,-150,65
41227,-155,65
41228,-145,70
41229,-150,80
41230,-165,80
41231,-155,100
41232,-155,95
41233,-155,95
41234,-145,85
41235,-160,85
41236,-140,90
41237,-150,85
41238,-185,75
41239,-165,75
41240,-180,75
41241,-190,90
41242,-195,95
41243,-175,100
41244,-175,100
41245,-150,105
41246,-135,115
41247,-150,120
41248,-150,105
41249,-160,90
41250,-175,90
41251,-175,90
41252,-180,95
41253,-195,95
41254,-185,95
41255,-165,105
41256,-165,105
41257,-160,120
41258,-155,110
41259,-160,105
41260,-150,110
41261,-160,95
41262,-170,90
41263,-180,80
41264,-190,90
41265,-190,75
41266,-185,90
41267,-165,95
41268,-145,120
41269,-135,130
41270,-115,140
41271,-115,145
41272,-120,140
41273,-135,140
41274,-125,150
41275,-135,135
41276,-135,150
41277,-135,145
41278,-115,145
41279,-100,145
41280,-85,140
41281,-65,160
41282,-65,140
41283,-65,130
41284,-55,125
41285,-35,100
41286,-25,95
41287,-5,90
41288,0,85
41289,-5,95
41290,-5,80
41291,-20,75
41292,-15,70
41293,-20,90
41294,-35,90
41295,-35,90
41296,-40,90
41297,-60,90
41298,-80,85
41299,-110,70
41300,-135,55
41301,-175,50
41302,-195,50
41303,-220,55
41304,-235,70
41305,-245,65
41306,-225,65
41307,-215,55
41308,-215,55
41309,-230,55
41310,-250,40
41311,-270,50
41312,-275,40
41313,-260,55
41314,-260,45
41315,-240,40
41316,-245,55
41317,-240,65
41318,-245,60
41319,-250,55
41320,-260,50
41321,-260,55
41322,-250,55
41323,-250,75
41324,-270,60
41325,-260,60
41326,-270,65
41327,-285,70
41328,-275,70
41329,-275,80
41330,-255,75
41331,-250,85
41332,-250,60
41333,-250,60
41334,-255,55
41335,-275,50
41336,-290,60
41337,-285,65
41338,-285,75
41339,-260,75
41340,-260,85
41341,-250,80
41342,-245,85
41343,-245,85
41344,-250,80
41345,-265,90
41346,-275,80
41347,-285,60
41348,-300,75
41349,-285,75
41350,-280,70
41351,-260,75
41352,-245,80
41353,-240,85
41354,-250,85
41355,-265,85
41356,-270,85
41357,-270,75
41358,-270,80
41359,-280,60
41360,-285,60
41361,-270,60
41362,-260,70
41363,-250,75
41364,-245,90
41365,-260,95
41366,-255,90
41367,-265,85
41368,-260,80
41369,-280,70
41370,-270,70
41371,-280,80
41372,-280,75
41373,-285,90
41374,-280,100
41375,-280,90
41376,-290,85
41377,-270,100
41378,-265,90
41379,-265,75
41380,-255,80
41381,-255,65
41382,-260,60
41383,-270,60
41384,-270,55
41385,-260,75
41386,-255,70
41387,-260,85
41388,-260,90
41389,-265,90
41390,-265,85
41391,-280,85
41392,-270,85
41393,-280,85
41394,-280,75
41395,-295,60
41396,-290,65
41397,-275,65
41398,-270,65
41399,-255,75
41400,-255,90
